======================================================================
ICD-10 BENCHMARK RESULTS (bf16)
======================================================================
Total samples evaluated:    2034
No ICD-10 code extracted:   13  (0.6%)

--- Accuracy at different granularities ---
Exact code match accuracy:  11.95%  (243/2034)
Block-level match (3-char): 58.21%  (1184/2034)
Chapter-level match (1-ch): 80.38%  (1635/2034)

--- Aggregate Classification Metrics ---
  [   micro]  Precision=0.1195  Recall=0.1195  F1=0.1195
  [   macro]  Precision=0.0616  Recall=0.0856  F1=0.0681
  [weighted]  Precision=0.0860  Recall=0.1195  F1=0.0950

Accuracy (sklearn):         0.1195
Balanced accuracy:          0.1195
Cohen's Kappa:              0.1193
Matthews Corr. Coeff (MCC): 0.1193
Hamming loss:               0.8805

--- Per-class Classification Report ---
              precision    recall  f1-score   support

       A0420       0.00      0.00      0.00         0
        A047       1.00      1.00      1.00         1
       A0472       0.00      0.00      0.00         1
        A084       0.00      0.00      0.00         1
        A089       0.00      0.00      0.00         0
         A09       0.00      0.00      0.00         1
       A0900       0.00      0.00      0.00         0
       A4101       1.00      1.00      1.00         1
       A4102       0.00      0.00      0.00         1
        A412       0.00      0.00      0.00         0
       A4151       0.00      0.00      0.00         1
       A4159       0.00      0.00      0.00         1
        A418       0.00      0.00      0.00         0
       A4189       0.00      0.00      0.00         1
        A419       0.00      0.00      0.00         1
        A630       0.00      0.00      0.00         1
         A64       0.00      0.00      0.00         1
        A649       0.00      0.00      0.00         0
       A6920       0.00      0.00      0.00         1
        A699       0.00      0.00      0.00         0
        B009       1.00      1.00      1.00         1
        B020       0.00      0.00      0.00         0
        B029       0.00      0.00      0.00         1
         B07       0.00      0.00      0.00         0
        B070       0.00      0.00      0.00         1
        B073       0.00      0.00      0.00         0
        B076       0.00      0.00      0.00         0
        B078       0.00      0.00      0.00         1
        B079       0.00      0.00      0.00         1
        B080       0.00      0.00      0.00         0
        B081       0.00      0.00      0.00         1
        B084       0.00      0.00      0.00         1
        B181       0.33      1.00      0.50         1
       B1810       0.00      0.00      0.00         0
        B182       0.00      0.00      0.00         1
        B188       0.00      0.00      0.00         0
       B1910       0.00      0.00      0.00         1
       B1920       0.00      0.00      0.00         1
         B20       1.00      1.00      1.00         1
       B2790       0.00      0.00      0.00         1
        B320       0.00      0.00      0.00         0
        B339       0.00      0.00      0.00         0
        B349       0.00      0.00      0.00         1
        B351       0.50      1.00      0.67         1
        B353       0.00      0.00      0.00         1
        B354       0.00      0.00      0.00         1
        B359       0.00      0.00      0.00         0
        B370       0.00      0.00      0.00         1
        B371       0.00      0.00      0.00         0
        B372       0.00      0.00      0.00         1
        B373       0.00      0.00      0.00         1
        B379       1.00      1.00      1.00         1
        B919       0.00      0.00      0.00         0
        B951       0.00      0.00      0.00         0
       B9511       0.00      0.00      0.00         0
        B952       0.00      0.00      0.00         1
       B9551       0.00      0.00      0.00         0
       B9561       0.00      0.00      0.00         1
       B9562       0.00      0.00      0.00         1
        B961       1.00      1.00      1.00         1
       B9620       0.00      0.00      0.00         1
        B965       0.00      0.00      0.00         1
      B96618       0.00      0.00      0.00         0
       B9681       0.00      0.00      0.00         1
       B9689       0.00      0.00      0.00         1
        B969       0.00      0.00      0.00         0
        B978       0.00      0.00      0.00         0
       B9789       0.00      0.00      0.00         1
        B999       0.00      0.00      0.00         1
         C01       0.00      0.00      0.00         1
        C011       0.00      0.00      0.00         0
        C015       0.00      0.00      0.00         0
        C099       0.00      0.00      0.00         1
         C15       0.00      0.00      0.00         0
        C152       0.00      0.00      0.00         0
        C155       0.00      0.00      0.00         1
        C159       1.00      1.00      1.00         1
        C160       0.00      0.00      0.00         1
        C161       0.00      0.00      0.00         0
        C169       0.00      0.00      0.00         1
         C18       0.00      0.00      0.00         0
        C180       1.00      1.00      1.00         1
        C181       0.00      0.00      0.00         0
        C182       0.00      0.00      0.00         1
        C184       0.00      0.00      0.00         1
        C185       0.00      0.00      0.00         0
        C186       1.00      1.00      1.00         1
        C187       0.00      0.00      0.00         1
        C189       0.00      0.00      0.00         1
         C19       0.00      0.00      0.00         1
         C20       0.00      0.00      0.00         1
         C21       0.00      0.00      0.00         0
        C210       0.00      0.00      0.00         1
        C220       0.00      0.00      0.00         1
        C221       0.00      0.00      0.00         1
         C25       0.00      0.00      0.00         0
        C250       0.00      0.00      0.00         1
        C251       0.00      0.00      0.00         1
        C259       0.00      0.00      0.00         1
        C341       0.00      0.00      0.00         0
       C3411       1.00      1.00      1.00         1
       C3412       0.00      0.00      0.00         1
        C342       0.00      0.00      0.00         1
       C3431       1.00      1.00      1.00         1
       C3432       0.00      0.00      0.00         1
        C349       0.00      0.00      0.00         0
       C3490       0.00      0.00      0.00         1
       C3491       0.00      0.00      0.00         1
       C3492       0.00      0.00      0.00         1
       C4359       0.00      0.00      0.00         1
        C439       0.00      0.00      0.00         1
        C441       0.00      0.00      0.00         0
      C44311       0.00      0.00      0.00         1
      C44319       0.00      0.00      0.00         1
      C44329       0.00      0.00      0.00         1
       C4441       0.00      0.00      0.00         1
      C44412       0.00      0.00      0.00         0
       C4442       0.00      0.00      0.00         1
        C445       0.00      0.00      0.00         0
       C4451       0.00      0.00      0.00         0
      C44510       0.00      0.00      0.00         0
      C44519       0.00      0.00      0.00         1
      C44522       0.00      0.00      0.00         0
      C44622       0.00      0.00      0.00         1
      C44629       0.00      0.00      0.00         1
        C449       0.00      0.00      0.00         0
      C44919       0.00      0.00      0.00         0
        C499       1.00      1.00      1.00         1
       C5011       0.00      0.00      0.00         0
      C50111       0.00      0.00      0.00         1
      C50112       0.12      1.00      0.22         1
      C50211       0.00      0.00      0.00         1
      C50212       0.00      0.00      0.00         1
      C50311       0.00      0.00      0.00         1
      C50312       0.00      0.00      0.00         1
      C50411       0.00      0.00      0.00         1
      C50412       0.00      0.00      0.00         1
      C50511       0.00      0.00      0.00         1
      C50512       0.00      0.00      0.00         1
      C50811       0.00      0.00      0.00         1
      C50812       0.00      0.00      0.00         1
      C50911       0.00      0.00      0.00         1
      C50912       0.00      0.00      0.00         1
      C50919       0.00      0.00      0.00         1
         C53       0.00      0.00      0.00         0
        C539       0.00      0.00      0.00         1
        C541       0.00      0.00      0.00         1
         C55       1.00      1.00      1.00         1
        C559       0.00      0.00      0.00         0
        C561       1.00      1.00      1.00         1
        C562       1.00      1.00      1.00         1
        C569       0.00      0.00      0.00         1
         C61       0.00      0.00      0.00         1
        C617       0.00      0.00      0.00         0
        C641       0.50      1.00      0.67         1
        C642       0.00      0.00      0.00         1
        C649       1.00      1.00      1.00         1
        C670       0.00      0.00      0.00         0
        C671       0.00      0.00      0.00         0
        C672       0.00      0.00      0.00         1
        C678       0.00      0.00      0.00         1
        C679       0.00      0.00      0.00         1
        C711       0.00      0.00      0.00         1
        C719       0.00      0.00      0.00         1
         C73       0.00      0.00      0.00         1
        C760       0.00      0.00      0.00         1
        C770       0.00      0.00      0.00         1
       C7701       0.00      0.00      0.00         0
        C771       0.00      0.00      0.00         1
        C772       0.00      0.00      0.00         1
        C773       0.00      0.00      0.00         1
        C779       1.00      1.00      1.00         1
        C780       0.00      0.00      0.00         0
       C7800       0.00      0.00      0.00         1
       C7801       0.50      1.00      0.67         1
       C7802       0.00      0.00      0.00         1
        C786       0.00      0.00      0.00         1
        C787       1.00      1.00      1.00         1
        C790       0.00      0.00      0.00         0
       C7931       0.00      0.00      0.00         1
       C7951       0.00      0.00      0.00         1
       C7989       1.00      1.00      1.00         1
        C799       0.00      0.00      0.00         1
        C7A0       0.00      0.00      0.00         0
        C7A8       0.00      0.00      0.00         1
        C801       0.00      0.00      0.00         1
        C811       0.00      0.00      0.00         0
       C8111       0.00      0.00      0.00         0
        C812       0.00      0.00      0.00         0
        C819       0.00      0.00      0.00         0
       C8190       0.00      0.00      0.00         1
       C8330       0.00      0.00      0.00         1
       C8338       0.00      0.00      0.00         1
       C8339       0.00      0.00      0.00         1
        C839       0.00      0.00      0.00         0
        C850       0.00      0.00      0.00         0
       C8580       0.00      0.00      0.00         1
        C859       0.00      0.00      0.00         0
       C8590       0.00      0.00      0.00         1
        C880       0.00      0.00      0.00         1
        C900       0.00      0.00      0.00         0
       C9000       0.00      0.00      0.00         1
       C9001       0.00      0.00      0.00         1
       C9002       0.00      0.00      0.00         1
       C9100       0.50      1.00      0.67         1
       C9101       0.00      0.00      0.00         1
       C9110       0.00      0.00      0.00         1
       C9200       0.50      1.00      0.67         1
       C9201       1.00      1.00      1.00         1
       C9210       0.00      0.00      0.00         1
       D0439       0.00      0.00      0.00         1
        D050       0.00      0.00      0.00         0
       D0511       0.50      1.00      0.67         1
       D0512       0.00      0.00      0.00         1
        D060       0.00      0.00      0.00         0
        D069       0.00      0.00      0.00         1
        D120       0.00      0.00      0.00         1
        D122       0.00      0.00      0.00         1
        D123       0.00      0.00      0.00         1
        D124       0.00      0.00      0.00         1
        D125       0.00      0.00      0.00         1
        D126       0.00      0.00      0.00         1
        D128       0.00      0.00      0.00         1
        D130       0.00      0.00      0.00         0
        D131       0.00      0.00      0.00         0
        D171       1.00      1.00      1.00         1
       D1801       0.00      0.00      0.00         1
        D181       0.00      0.00      0.00         0
        D221       0.00      0.00      0.00         0
       D2239       0.00      0.00      0.00         1
        D224       0.00      0.00      0.00         1
        D225       0.00      0.00      0.00         1
        D229       0.00      0.00      0.00         1
        D231       0.00      0.00      0.00         0
        D232       0.00      0.00      0.00         0
       D2339       0.00      0.00      0.00         1
        D235       0.00      0.00      0.00         1
        D239       1.00      1.00      1.00         1
        D241       1.00      1.00      1.00         1
        D242       0.00      0.00      0.00         1
        D250       0.00      0.00      0.00         1
        D251       0.50      1.00      0.67         1
        D252       0.00      0.00      0.00         1
        D259       0.00      0.00      0.00         1
        D270       0.00      0.00      0.00         1
        D271       0.00      0.00      0.00         1
        D320       1.00      1.00      1.00         1
        D329       1.00      1.00      1.00         1
        D350       0.00      0.00      0.00         0
        D352       0.00      0.00      0.00         1
         D45       0.00      0.00      0.00         1
        D469       0.00      0.00      0.00         1
        D471       0.00      0.00      0.00         0
        D472       0.00      0.00      0.00         1
        D473       0.00      0.00      0.00         1
        D479       0.00      0.00      0.00         0
        D485       0.00      0.00      0.00         1
        D492       0.00      0.00      0.00         1
        D500       0.00      0.00      0.00         1
        D501       0.00      0.00      0.00         0
        D508       0.00      0.00      0.00         1
        D509       0.00      0.00      0.00         1
        D510       0.00      0.00      0.00         1
        D518       0.00      0.00      0.00         1
        D519       1.00      1.00      1.00         1
        D539       0.00      0.00      0.00         1
       D5700       0.00      0.00      0.00         1
        D571       0.00      0.00      0.00         1
       D5781       0.00      0.00      0.00         0
        D618       0.00      0.00      0.00         0
      D61810       0.00      0.00      0.00         1
      D61818       0.00      0.00      0.00         1
         D62       0.00      0.00      0.00         1
        D630       1.00      1.00      1.00         1
        D631       0.00      0.00      0.00         1
        D638       0.00      0.00      0.00         1
       D6481       0.00      0.00      0.00         1
       D6489       0.00      0.00      0.00         1
        D649       0.00      0.00      0.00         1
        D680       0.00      0.00      0.00         0
        D681       0.00      0.00      0.00         0
       D6851       0.00      0.00      0.00         1
       D6859       0.00      0.00      0.00         1
       D6861       0.00      0.00      0.00         1
        D688       0.00      0.00      0.00         1
       D6889       0.00      0.00      0.00         0
        D689       0.00      0.00      0.00         1
        D690       0.00      0.00      0.00         0
        D693       0.00      0.00      0.00         1
       D6959       0.00      0.00      0.00         1
        D696       0.00      0.00      0.00         1
        D699       0.00      0.00      0.00         0
        D700       0.00      0.00      0.00         0
        D701       0.00      0.00      0.00         1
        D709       1.00      1.00      1.00         1
      D72819       0.00      0.00      0.00         1
      D72829       0.00      0.00      0.00         1
        D750       0.00      0.00      0.00         0
        D751       0.50      1.00      0.67         1
       D7589       0.00      0.00      0.00         1
        D770       0.00      0.00      0.00         0
        D801       0.00      0.00      0.00         1
        D819       0.00      0.00      0.00         1
        D831       0.00      0.00      0.00         0
        D839       0.00      0.00      0.00         1
        D849       0.50      1.00      0.67         1
        D869       0.00      0.00      0.00         1
        D898       0.33      1.00      0.50         1
       D8989       0.00      0.00      0.00         1
        D899       0.00      0.00      0.00         1
        E031       0.00      0.00      0.00         0
        E034       0.00      0.00      0.00         1
        E038       0.00      0.00      0.00         1
        E039       0.20      1.00      0.33         1
        E041       0.00      0.00      0.00         1
        E042       0.00      0.00      0.00         1
        E049       1.00      1.00      1.00         1
       E0500       0.00      0.00      0.00         1
        E051       0.00      0.00      0.00         0
       E0511       0.00      0.00      0.00         0
        E059       0.00      0.00      0.00         0
       E0590       0.00      0.00      0.00         1
        E063       0.00      0.00      0.00         1
        E079       0.00      0.00      0.00         1
       E1010       0.00      0.00      0.00         1
       E1022       0.00      0.00      0.00         1
       E1040       0.00      0.00      0.00         1
       E1041       0.00      0.00      0.00         0
       E1061       0.00      0.00      0.00         0
      E10649       0.00      0.00      0.00         1
       E1065       0.00      0.00      0.00         1
        E108       0.00      0.00      0.00         1
        E109       0.00      0.00      0.00         1
       E1100       0.00      0.00      0.00         1
       E1101       0.00      0.00      0.00         0
       E1110       0.00      0.00      0.00         1
       E1121       0.00      0.00      0.00         1
       E1122       0.00      0.00      0.00         1
       E1129       0.00      0.00      0.00         1
       E1130       0.00      0.00      0.00         0
       E1131       0.00      0.00      0.00         0
     E113132       0.00      0.00      0.00         0
      E11318       0.00      0.00      0.00         0
      E11319       0.00      0.00      0.00         1
       E1132       0.00      0.00      0.00         0
     E113293       0.00      0.00      0.00         1
     E113513       0.00      0.00      0.00         1
       E1136       0.00      0.00      0.00         1
       E1140       0.00      0.00      0.00         1
       E1141       0.00      0.00      0.00         0
       E1142       0.00      0.00      0.00         1
       E1143       0.00      0.00      0.00         1
       E1149       0.00      0.00      0.00         1
       E1151       0.00      0.00      0.00         1
       E1152       0.00      0.00      0.00         1
       E1159       0.00      0.00      0.00         1
      E11609       0.00      0.00      0.00         0
       E1161       0.00      0.00      0.00         0
      E11618       0.00      0.00      0.00         0
      E11619       0.00      0.00      0.00         0
      E11621       0.00      0.00      0.00         1
      E11622       0.00      0.00      0.00         1
      E11628       0.00      0.00      0.00         1
      E11649       0.00      0.00      0.00         1
       E1165       0.00      0.00      0.00         1
      E11661       0.00      0.00      0.00         0
       E1169       0.00      0.00      0.00         1
        E118       0.00      0.00      0.00         1
        E119       0.00      0.00      0.00         1
       E1310       0.00      0.00      0.00         1
        E139       0.00      0.00      0.00         1
        E162       0.00      0.00      0.00         1
        E210       0.00      0.00      0.00         1
        E211       0.00      0.00      0.00         0
        E212       0.00      0.00      0.00         0
        E213       0.00      0.00      0.00         1
        E220       0.00      0.00      0.00         0
        E222       0.00      0.00      0.00         1
        E230       0.00      0.00      0.00         1
        E239       0.00      0.00      0.00         0
        E270       0.00      0.00      0.00         0
       E2740       0.00      0.00      0.00         1
        E279       1.00      1.00      1.00         1
        E282       0.00      0.00      0.00         1
       E2841       0.00      0.00      0.00         0
        E291       0.00      0.00      0.00         1
        E349       1.00      1.00      1.00         1
         E43       0.00      0.00      0.00         1
        E440       0.00      0.00      0.00         1
        E441       0.00      0.00      0.00         1
         E46       0.00      0.00      0.00         1
       E4689       0.00      0.00      0.00         0
        E469       0.00      0.00      0.00         0
        E538       0.00      0.00      0.00         1
        E539       0.00      0.00      0.00         1
        E559       1.00      1.00      1.00         1
        E569       0.00      0.00      0.00         1
        E611       0.00      0.00      0.00         1
       E6601       0.00      0.00      0.00         1
       E6609       0.00      0.00      0.00         1
        E662       0.00      0.00      0.00         1
        E663       1.00      1.00      1.00         1
        E669       0.00      0.00      0.00         1
        E780       0.25      1.00      0.40         1
       E7800       0.00      0.00      0.00         1
       E7801       0.00      0.00      0.00         1
        E781       0.00      0.00      0.00         1
        E782       0.00      0.00      0.00         1
        E784       0.00      0.00      0.00         1
       E7849       0.00      0.00      0.00         1
        E785       0.00      0.00      0.00         1
        E789       0.00      0.00      0.00         1
        E831       0.00      0.00      0.00         0
      E83110       0.00      0.00      0.00         1
      E83119       0.00      0.00      0.00         1
       E8770       0.00      0.00      0.00         1
        F001       0.00      0.00      0.00         0
       F0150       0.00      0.00      0.00         1
       F0151       0.00      0.00      0.00         1
       F0180       0.00      0.00      0.00         0
       F0181       0.00      0.00      0.00         0
       F0190       0.00      0.00      0.00         0
       F0280       0.00      0.00      0.00         1
       F0281       0.00      0.00      0.00         1
       F0311       0.00      0.00      0.00         0
       F0381       0.00      0.00      0.00         0
        F039       0.00      0.00      0.00         0
       F0390       1.00      1.00      1.00         1
       F0391       0.00      0.00      0.00         1
         F05       0.00      0.00      0.00         1
        F051       0.00      0.00      0.00         0
       F0731       0.00      0.00      0.00         0
       F0781       0.00      0.00      0.00         1
       F1010       0.00      0.00      0.00         1
      F10120       0.00      0.00      0.00         1
      F10129       0.00      0.00      0.00         1
       F1020       0.00      0.00      0.00         1
       F1021       0.00      0.00      0.00         1
       F1022       0.00      0.00      0.00         0
      F10220       0.00      0.00      0.00         0
      F10229       0.00      0.00      0.00         1
      F10230       0.00      0.00      0.00         1
      F10231       0.00      0.00      0.00         1
      F10239       0.00      0.00      0.00         1
        F111       0.00      0.00      0.00         0
       F1110       1.00      1.00      1.00         1
       F1120       0.00      0.00      0.00         1
       F1121       0.00      0.00      0.00         1
       F1123       0.00      0.00      0.00         1
       F1190       0.00      0.00      0.00         0
       F1210       1.00      1.00      1.00         1
       F1220       0.50      1.00      0.67         1
        F129       0.00      0.00      0.00         0
       F1290       0.00      0.00      0.00         1
       F1320       0.00      0.00      0.00         1
       F1410       0.50      1.00      0.67         1
       F1420       0.00      0.00      0.00         1
       F1510       1.00      1.00      1.00         1
       F1520       0.00      0.00      0.00         1
       F1720       0.00      0.00      0.00         0
      F17200       0.00      0.00      0.00         1
      F17210       0.00      0.00      0.00         1
      F17220       0.00      0.00      0.00         1
      F17290       0.00      0.00      0.00         1
       F1910       0.00      0.00      0.00         1
       F1920       0.00      0.00      0.00         1
       F1990       0.00      0.00      0.00         0
        F200       0.00      0.00      0.00         1
        F209       0.33      1.00      0.50         1
         F22       0.00      0.00      0.00         1
        F250       0.00      0.00      0.00         1
        F251       0.33      1.00      0.50         1
        F259       0.50      1.00      0.67         1
        F289       0.00      0.00      0.00         0
         F29       0.00      0.00      0.00         1
        F310       0.00      0.00      0.00         0
        F312       0.00      0.00      0.00         1
       F3130       0.00      0.00      0.00         1
       F3131       0.00      0.00      0.00         0
       F3132       0.00      0.00      0.00         1
        F314       0.00      0.00      0.00         1
        F315       0.00      0.00      0.00         1
       F3181       0.00      0.00      0.00         1
        F319       1.00      1.00      1.00         1
        F320       0.50      1.00      0.67         1
        F321       0.50      1.00      0.67         1
       F3213       0.00      0.00      0.00         0
        F322       0.00      0.00      0.00         1
        F323       0.00      0.00      0.00         0
       F3230       0.00      0.00      0.00         0
       F3231       0.00      0.00      0.00         0
        F328       0.00      0.00      0.00         0
       F3289       0.00      0.00      0.00         1
        F329       0.00      0.00      0.00         1
        F32A       0.00      0.00      0.00         1
        F330       0.00      0.00      0.00         1
        F331       0.00      0.00      0.00         1
        F332       0.00      0.00      0.00         1
        F333       0.00      0.00      0.00         1
       F3341       0.00      0.00      0.00         1
       F3342       0.00      0.00      0.00         1
        F339       0.00      0.00      0.00         1
        F341       1.00      1.00      1.00         1
       F3481       0.00      0.00      0.00         1
         F39       1.00      1.00      1.00         1
       F4010       0.00      0.00      0.00         1
        F409       0.00      0.00      0.00         0
        F410       0.25      1.00      0.40         1
        F411       0.00      0.00      0.00         1
        F418       0.00      0.00      0.00         1
       F4189       0.00      0.00      0.00         0
        F419       0.50      1.00      0.67         1
        F422       0.50      1.00      0.67         1
        F429       0.00      0.00      0.00         1
        F430       0.00      0.00      0.00         1
       F4310       0.00      0.00      0.00         1
       F4312       0.00      0.00      0.00         1
        F432       0.00      0.00      0.00         0
       F4320       0.00      0.00      0.00         1
       F4321       0.00      0.00      0.00         1
       F4322       0.00      0.00      0.00         1
       F4323       0.00      0.00      0.00         1
       F4325       0.00      0.00      0.00         1
        F438       0.00      0.00      0.00         1
        F439       0.00      0.00      0.00         1
       F5001       1.00      1.00      1.00         1
        F509       0.50      1.00      0.67         1
       F5101       0.00      0.00      0.00         1
        F519       0.00      0.00      0.00         0
        F602       0.00      0.00      0.00         0
        F603       0.00      0.00      0.00         1
        F800       0.00      0.00      0.00         1
        F801       1.00      1.00      1.00         1
        F802       0.00      0.00      0.00         1
        F809       1.00      1.00      1.00         1
         F82       1.00      1.00      1.00         1
        F830       0.00      0.00      0.00         0
        F840       0.00      0.00      0.00         1
         F88       0.00      0.00      0.00         1
        F888       0.00      0.00      0.00         0
        F900       0.50      1.00      0.67         1
        F901       0.50      1.00      0.67         1
       F9011       0.00      0.00      0.00         0
        F902       0.00      0.00      0.00         1
        F909       0.00      0.00      0.00         1
       F9090       0.00      0.00      0.00         0
        F911       0.00      0.00      0.00         0
        F912       0.00      0.00      0.00         0
        F913       0.00      0.00      0.00         1
        F918       0.00      0.00      0.00         0
        F919       1.00      1.00      1.00         1
        F988       0.00      0.00      0.00         1
       G1221       0.00      0.00      0.00         1
         G20       0.00      0.00      0.00         1
        G200       0.00      0.00      0.00         0
        G241       0.00      0.00      0.00         0
        G243       0.00      0.00      0.00         1
        G250       1.00      1.00      1.00         1
       G2581       0.00      0.00      0.00         1
        G300       0.00      0.00      0.00         0
        G301       0.00      0.00      0.00         1
        G303       0.00      0.00      0.00         0
        G309       0.00      0.00      0.00         1
       G3181       0.00      0.00      0.00         0
       G3183       0.00      0.00      0.00         1
       G3184       0.00      0.00      0.00         1
         G35       0.00      0.00      0.00         1
        G350       0.00      0.00      0.00         0
       G3581       0.00      0.00      0.00         0
        G359       0.00      0.00      0.00         0
        G400       0.00      0.00      0.00         0
       G4001       0.00      0.00      0.00         0
      G40018       0.00      0.00      0.00         0
      G40109       0.00      0.00      0.00         1
      G40209       0.00      0.00      0.00         1
      G40309       0.00      0.00      0.00         1
      G40318       0.00      0.00      0.00         0
      G40319       0.00      0.00      0.00         0
      G40409       0.00      0.00      0.00         1
       G4089       0.00      0.00      0.00         1
        G409       0.00      0.00      0.00         0
      G40901       0.00      0.00      0.00         1
      G40909       0.00      0.00      0.00         1
       G4300       0.00      0.00      0.00         0
      G43002       0.00      0.00      0.00         0
      G43009       0.00      0.00      0.00         1
      G43019       0.00      0.00      0.00         1
      G43109       0.00      0.00      0.00         1
      G43709       0.00      0.00      0.00         1
      G43719       0.00      0.00      0.00         1
      G43809       0.00      0.00      0.00         1
        G439       0.00      0.00      0.00         0
      G43909       0.00      0.00      0.00         1
      G44209       0.00      0.00      0.00         1
       G4489       1.00      1.00      1.00         1
         G45       0.00      0.00      0.00         0
        G459       0.00      0.00      0.00         1
       G4700       0.00      0.00      0.00         1
       G4710       0.00      0.00      0.00         1
       G4730       0.00      0.00      0.00         1
       G4731       1.00      1.00      1.00         1
       G4733       0.00      0.00      0.00         1
        G479       0.00      0.00      0.00         1
        G500       0.00      0.00      0.00         1
       G5001       0.00      0.00      0.00         0
        G510       0.00      0.00      0.00         1
        G519       0.00      0.00      0.00         0
        G539       0.00      0.00      0.00         0
        G540       0.00      0.00      0.00         1
       G5411       0.00      0.00      0.00         0
       G5600       0.00      0.00      0.00         1
       G5601       0.00      0.00      0.00         1
       G5602       0.00      0.00      0.00         1
       G5603       0.00      0.00      0.00         1
       G5611       0.00      0.00      0.00         0
       G5621       0.00      0.00      0.00         1
       G5622       0.00      0.00      0.00         1
       G5761       0.00      0.00      0.00         1
        G579       0.00      0.00      0.00         0
        G609       1.00      1.00      1.00         1
         G61       0.00      0.00      0.00         0
        G610       0.00      0.00      0.00         1
       G6181       0.00      0.00      0.00         1
        G620       0.00      0.00      0.00         1
       G6281       0.00      0.00      0.00         0
        G629       1.00      1.00      1.00         1
        G700       0.00      0.00      0.00         0
       G7000       0.00      0.00      0.00         1
        G809       0.00      0.00      0.00         1
       G8110       0.00      0.00      0.00         0
        G819       0.00      0.00      0.00         0
       G8191       0.00      0.00      0.00         1
       G8194       0.00      0.00      0.00         1
        G820       0.00      0.00      0.00         0
       G8220       0.00      0.00      0.00         1
       G8250       0.00      0.00      0.00         1
        G829       0.00      0.00      0.00         0
       G8689       0.00      0.00      0.00         0
       G8911       0.00      0.00      0.00         1
       G8918       0.00      0.00      0.00         1
       G8929       0.00      0.00      0.00         1
        G893       0.00      0.00      0.00         1
        G894       0.00      0.00      0.00         1
        G912       0.00      0.00      0.00         1
        G913       0.00      0.00      0.00         0
        G919       1.00      1.00      1.00         1
         G92       0.00      0.00      0.00         1
        G928       0.00      0.00      0.00         0
        G931       0.00      0.00      0.00         1
        G932       1.00      1.00      1.00         1
       G9340       0.00      0.00      0.00         1
       G9341       0.00      0.00      0.00         1
       G9349       0.00      0.00      0.00         1
        G935       0.00      0.00      0.00         1
        G936       0.00      0.00      0.00         1
       G9389       0.00      0.00      0.00         0
        G939       0.50      1.00      0.67         1
       G9589       0.00      0.00      0.00         0
        G959       0.00      0.00      0.00         1
       H0183       0.00      0.00      0.00         0
         H02       0.00      0.00      0.00         0
      H02831       0.00      0.00      0.00         1
      H04011       0.00      0.00      0.00         0
      H04123       0.00      0.00      0.00         1
      H05333       0.00      0.00      0.00         0
        H100       0.00      0.00      0.00         0
       H1001       0.00      0.00      0.00         0
       H1003       0.00      0.00      0.00         0
       H1013       0.00      0.00      0.00         1
       H1031       0.00      0.00      0.00         1
       H1032       0.00      0.00      0.00         1
       H1033       1.00      1.00      1.00         1
       H1045       0.00      0.00      0.00         1
        H109       1.00      1.00      1.00         1
      H16223       0.00      0.00      0.00         1
      H25013       0.00      0.00      0.00         1
       H2511       0.50      1.00      0.67         1
      H25113       0.00      0.00      0.00         0
       H2512       0.00      0.00      0.00         1
       H2513       0.50      1.00      0.67         1
      H25811       0.00      0.00      0.00         1
      H25812       0.00      0.00      0.00         1
      H25813       0.00      0.00      0.00         1
      H25833       0.00      0.00      0.00         0
       H2611       0.00      0.00      0.00         0
      H26112       0.00      0.00      0.00         0
      H26491       0.00      0.00      0.00         1
      H26492       0.00      0.00      0.00         1
      H26493       0.00      0.00      0.00         1
        H269       0.00      0.00      0.00         1
       H3431       0.00      0.00      0.00         0
      H34333       0.00      0.00      0.00         0
     H348310       0.00      0.00      0.00         1
     H348320       0.00      0.00      0.00         1
      H35033       0.00      0.00      0.00         1
       H3530       0.50      1.00      0.67         1
       H3531       1.00      1.00      1.00         1
      H35311       0.00      0.00      0.00         0
      H35313       0.00      0.00      0.00         0
     H353131       0.50      1.00      0.67         1
     H353132       0.00      0.00      0.00         1
     H353133       0.00      0.00      0.00         0
       H3532       0.00      0.00      0.00         1
     H353211       0.00      0.00      0.00         1
     H353221       0.00      0.00      0.00         1
     H353231       0.00      0.00      0.00         1
      H35331       0.00      0.00      0.00         0
      H35333       0.00      0.00      0.00         0
      H35363       0.00      0.00      0.00         1
      H35371       0.00      0.00      0.00         1
      H35372       0.00      0.00      0.00         1
      H35373       0.00      0.00      0.00         1
       H3581       0.00      0.00      0.00         1
        H400       0.00      0.00      0.00         0
       H4000       0.00      0.00      0.00         0
      H40003       0.00      0.00      0.00         1
      H40013       1.00      1.00      1.00         1
      H40023       0.00      0.00      0.00         1
      H40033       0.00      0.00      0.00         1
      H40053       0.00      0.00      0.00         1
       H4010       0.00      0.00      0.00         0
       H4011       0.00      0.00      0.00         0
      H40113       0.00      0.00      0.00         0
     H401131       0.50      1.00      0.67         1
     H401132       0.00      0.00      0.00         1
     H401133       0.00      0.00      0.00         1
     H4011X1       0.50      1.00      0.67         1
     H4011X2       0.00      0.00      0.00         1
        H409       1.00      1.00      1.00         1
      H43112       0.00      0.00      0.00         0
      H43313       0.00      0.00      0.00         0
      H43393       0.00      0.00      0.00         1
      H43811       0.00      0.00      0.00         1
      H43812       0.00      0.00      0.00         1
      H43813       0.50      1.00      0.67         1
       H5111       0.00      0.00      0.00         0
       H5201       0.00      0.00      0.00         0
       H5203       0.00      0.00      0.00         1
       H5210       0.00      0.00      0.00         1
       H5213       0.00      0.00      0.00         1
      H52223       0.00      0.00      0.00         1
        H524       0.00      0.00      0.00         1
        H527       0.00      0.00      0.00         1
        H529       0.00      0.00      0.00         0
       H5293       0.00      0.00      0.00         0
        H532       0.00      0.00      0.00         1
        H533       0.00      0.00      0.00         0
        H538       0.00      0.00      0.00         1
      H53818       0.00      0.00      0.00         0
      H53838       0.00      0.00      0.00         0
        H539       1.00      1.00      1.00         1
        H547       0.00      0.00      0.00         1
       H6103       0.00      0.00      0.00         0
       H6121       0.00      0.00      0.00         1
       H6122       0.00      0.00      0.00         1
       H6123       0.00      0.00      0.00         1
       H6501       0.50      1.00      0.67         1
       H6503       0.00      0.00      0.00         1
       H6523       0.00      0.00      0.00         1
      H66001       0.00      0.00      0.00         1
      H66002       0.00      0.00      0.00         1
      H66003       0.00      0.00      0.00         1
      H66012       0.00      0.00      0.00         0
       H6603       0.00      0.00      0.00         0
    H6603X1A       0.00      0.00      0.00         0
       H6690       0.00      0.00      0.00         1
       H6691       0.00      0.00      0.00         1
       H6692       0.00      0.00      0.00         1
       H6693       0.00      0.00      0.00         1
       H6983       0.00      0.00      0.00         1
       H8110       0.00      0.00      0.00         1
       H8111       0.50      1.00      0.67         1
        H900       0.00      0.00      0.00         1
       H9001       0.00      0.00      0.00         0
        H903       0.00      0.00      0.00         1
        H905       0.00      0.00      0.00         1
       H9090       0.00      0.00      0.00         0
       H9101       0.00      0.00      0.00         0
       H9103       0.00      0.00      0.00         0
        H919       0.00      0.00      0.00         0
       H9190       0.00      0.00      0.00         1
       H9193       1.00      1.00      1.00         1
       H9201       0.00      0.00      0.00         1
      H92013       0.00      0.00      0.00         0
       H9202       0.00      0.00      0.00         1
       H9203       0.00      0.00      0.00         1
       H9209       0.00      0.00      0.00         1
       H9211       0.00      0.00      0.00         0
       H9291       0.00      0.00      0.00         0
       H9313       0.00      0.00      0.00         1
       H9319       0.00      0.00      0.00         0
       H9489       0.00      0.00      0.00         0
        I070       0.00      0.00      0.00         0
        I071       0.00      0.00      0.00         1
        I080       0.00      0.00      0.00         1
        I081       0.00      0.00      0.00         1
        I083       0.00      0.00      0.00         1
        I089       0.00      0.00      0.00         0
         I10       0.33      1.00      0.50         1
        I102       0.00      0.00      0.00         0
        I109       0.00      0.00      0.00         0
        I110       0.00      0.00      0.00         1
        I112       0.00      0.00      0.00         0
        I119       0.00      0.00      0.00         1
        I120       0.00      0.00      0.00         1
        I129       0.00      0.00      0.00         1
        I130       0.00      0.00      0.00         1
        I131       0.00      0.00      0.00         0
       I1310       0.00      0.00      0.00         1
        I132       0.00      0.00      0.00         1
        I139       0.00      0.00      0.00         0
        I160       0.50      1.00      0.67         1
        I161       0.00      0.00      0.00         1
        I200       0.00      0.00      0.00         1
        I208       0.00      0.00      0.00         1
       I2089       0.00      0.00      0.00         0
        I209       0.00      0.00      0.00         1
        I210       0.00      0.00      0.00         0
       I2101       0.00      0.00      0.00         0
       I2109       0.00      0.00      0.00         1
       I2119       0.00      0.00      0.00         1
        I212       0.00      0.00      0.00         0
        I213       0.00      0.00      0.00         1
        I214       1.00      1.00      1.00         1
        I219       0.00      0.00      0.00         0
       I21A1       0.00      0.00      0.00         1
        I248       0.00      0.00      0.00         1
        I249       0.00      0.00      0.00         1
        I250       0.00      0.00      0.00         0
        I251       0.00      0.00      0.00         0
       I2510       0.50      1.00      0.67         1
       I2511       0.00      0.00      0.00         0
      I25110       0.00      0.00      0.00         1
      I25118       0.00      0.00      0.00         1
      I25119       0.00      0.00      0.00         1
        I252       0.00      0.00      0.00         1
        I255       0.00      0.00      0.00         1
      I25810       0.00      0.00      0.00         1
      I25819       0.00      0.00      0.00         0
       I2582       0.00      0.00      0.00         1
        I259       0.00      0.00      0.00         1
        I269       0.00      0.00      0.00         0
       I2699       0.00      0.00      0.00         1
        I270       0.00      0.00      0.00         1
        I272       0.33      1.00      0.50         1
       I2720       0.00      0.00      0.00         1
       I2729       0.00      0.00      0.00         1
        I313       0.00      0.00      0.00         1
        I330       0.00      0.00      0.00         1
        I340       1.00      1.00      1.00         1
        I341       0.50      1.00      0.67         1
        I348       0.00      0.00      0.00         0
        I350       0.00      0.00      0.00         1
        I351       1.00      1.00      1.00         1
        I359       0.00      0.00      0.00         1
        I361       0.00      0.00      0.00         1
         I38       0.00      0.00      0.00         1
        I420       0.00      0.00      0.00         1
        I421       0.00      0.00      0.00         0
        I422       0.00      0.00      0.00         1
        I428       0.00      0.00      0.00         1
        I429       0.00      0.00      0.00         1
        I440       1.00      1.00      1.00         1
        I441       0.00      0.00      0.00         1
        I442       0.00      0.00      0.00         1
        I447       0.00      0.00      0.00         1
       I4510       0.00      0.00      0.00         1
        I452       0.00      0.00      0.00         1
        I469       1.00      1.00      1.00         1
        I471       0.17      1.00      0.29         1
        I472       0.00      0.00      0.00         1
        I480       0.00      0.00      0.00         1
        I481       0.00      0.00      0.00         1
       I4819       0.00      0.00      0.00         1
        I482       0.00      0.00      0.00         1
       I4820       0.00      0.00      0.00         1
       I4821       0.00      0.00      0.00         1
        I483       0.00      0.00      0.00         1
        I484       0.00      0.00      0.00         1
        I489       0.00      0.00      0.00         0
       I4891       0.00      0.00      0.00         1
       I4892       0.00      0.00      0.00         1
        I490       0.00      0.00      0.00         0
       I4901       0.00      0.00      0.00         1
        I491       0.00      0.00      0.00         1
        I493       0.00      0.00      0.00         1
        I495       0.00      0.00      0.00         1
        I498       1.00      1.00      1.00         1
       I4989       0.00      0.00      0.00         0
        I499       0.00      0.00      0.00         1
        I500       0.00      0.00      0.00         0
       I5001       0.00      0.00      0.00         0
       I5020       0.00      0.00      0.00         1
       I5021       0.00      0.00      0.00         1
       I5022       0.00      0.00      0.00         1
       I5023       0.00      0.00      0.00         1
        I503       0.00      0.00      0.00         0
       I5030       0.00      0.00      0.00         1
       I5031       0.00      0.00      0.00         1
       I5032       0.33      1.00      0.50         1
       I5033       0.00      0.00      0.00         1
        I504       0.00      0.00      0.00         0
       I5041       0.00      0.00      0.00         1
       I5042       0.00      0.00      0.00         1
       I5043       1.00      1.00      1.00         1
        I509       0.00      0.00      0.00         1
        I517       0.00      0.00      0.00         1
       I5189       0.00      0.00      0.00         0
        I519       0.00      0.00      0.00         1
         I60       0.00      0.00      0.00         0
        I609       1.00      1.00      1.00         1
        I614       0.00      0.00      0.00         0
        I619       0.00      0.00      0.00         1
       I6200       0.00      0.00      0.00         1
        I629       1.00      1.00      1.00         1
        I631       0.00      0.00      0.00         0
       I6310       0.00      0.00      0.00         0
      I63111       0.00      0.00      0.00         0
      I63112       0.00      0.00      0.00         0
      I63310       0.00      0.00      0.00         0
       I6340       0.00      0.00      0.00         1
      I63412       0.00      0.00      0.00         1
       I6350       0.00      0.00      0.00         1
      I63511       0.00      0.00      0.00         1
      I63512       0.00      0.00      0.00         1
        I638       0.00      0.00      0.00         1
       I6389       0.00      0.00      0.00         1
        I639       0.00      0.00      0.00         1
        I651       0.00      0.00      0.00         0
       I6513       0.00      0.00      0.00         0
       I6521       0.00      0.00      0.00         1
       I6522       0.00      0.00      0.00         1
       I6523       0.00      0.00      0.00         1
       I6529       0.00      0.00      0.00         1
        I653       0.00      0.00      0.00         0
        I670       0.00      0.00      0.00         0
        I671       0.00      0.00      0.00         1
       I6789       0.00      0.00      0.00         1
        I679       0.00      0.00      0.00         1
       I6931       0.00      0.00      0.00         0
      I69320       0.00      0.00      0.00         1
      I69351       0.00      0.00      0.00         1
      I69354       0.00      0.00      0.00         1
       I6939       0.50      1.00      0.67         1
      I69391       0.00      0.00      0.00         1
      I69398       0.00      0.00      0.00         1
        I700       0.00      0.00      0.00         1
       I7001       0.00      0.00      0.00         0
        I702       0.00      0.00      0.00         0
      I70203       0.00      0.00      0.00         1
      I70213       0.00      0.00      0.00         1
        I709       0.00      0.00      0.00         0
        I711       0.00      0.00      0.00         0
        I712       0.00      0.00      0.00         1
        I714       0.00      0.00      0.00         1
        I719       0.00      0.00      0.00         0
       I7300       0.00      0.00      0.00         1
        I731       0.00      0.00      0.00         0
       I7389       0.00      0.00      0.00         1
        I739       0.00      0.00      0.00         1
       I7411       0.00      0.00      0.00         0
        I743       0.00      0.00      0.00         1
        I776       0.00      0.00      0.00         1
         I81       0.00      0.00      0.00         1
      I82401       1.00      1.00      1.00         1
      I82402       0.00      0.00      0.00         1
      I82409       0.00      0.00      0.00         1
      I82411       1.00      1.00      1.00         1
      I82412       0.00      0.00      0.00         1
       I8242       0.00      0.00      0.00         0
      I82421       0.00      0.00      0.00         0
      I82432       0.00      0.00      0.00         1
       I8281       0.00      0.00      0.00         0
      I82810       0.00      0.00      0.00         0
      I83813       0.00      0.00      0.00         1
      I83832       0.00      0.00      0.00         0
      I83893       0.00      0.00      0.00         1
       I8500       0.00      0.00      0.00         1
         I87       0.00      0.00      0.00         0
        I871       0.00      0.00      0.00         1
        I872       0.00      0.00      0.00         1
        I878       0.00      0.00      0.00         1
       I8789       0.00      0.00      0.00         0
        I890       0.00      0.00      0.00         1
        I951       0.00      0.00      0.00         1
       I9589       0.00      0.00      0.00         1
        I959       0.00      0.00      0.00         1
         I96       0.00      0.00      0.00         1
         J00       1.00      1.00      1.00         1
        J010       0.00      0.00      0.00         0
       J0100       0.00      0.00      0.00         1
       J0101       0.25      1.00      0.40         1
       J0110       0.00      0.00      0.00         1
       J0140       0.00      0.00      0.00         1
       J0180       0.00      0.00      0.00         1
        J019       0.50      1.00      0.67         1
       J0190       0.00      0.00      0.00         1
        J020       0.00      0.00      0.00         1
        J028       0.00      0.00      0.00         1
        J029       0.50      1.00      0.67         1
        J030       0.00      0.00      0.00         0
       J0300       0.00      0.00      0.00         1
        J039       0.50      1.00      0.67         1
       J0390       0.00      0.00      0.00         1
        J040       0.00      0.00      0.00         1
        J050       1.00      1.00      1.00         1
        J069       0.00      0.00      0.00         1
       J09X2       0.00      0.00      0.00         1
        J100       0.00      0.00      0.00         0
        J101       0.00      0.00      0.00         1
        J111       0.00      0.00      0.00         1
       J1282       0.00      0.00      0.00         1
       J1289       0.00      0.00      0.00         1
        J151       0.00      0.00      0.00         1
       J1511       0.00      0.00      0.00         0
        J152       0.00      0.00      0.00         0
      J15212       0.00      0.00      0.00         1
        J156       0.00      0.00      0.00         1
        J159       0.00      0.00      0.00         1
         J18       0.00      0.00      0.00         1
        J180       0.00      0.00      0.00         1
        J181       1.00      1.00      1.00         1
        J188       1.00      1.00      1.00         1
        J189       0.20      1.00      0.33         1
         J20       0.00      0.00      0.00         0
        J200       0.00      0.00      0.00         0
        J208       0.00      0.00      0.00         1
        J209       0.00      0.00      0.00         1
        J210       1.00      1.00      1.00         1
        J219       1.00      1.00      1.00         1
         J22       0.00      0.00      0.00         1
       J2290       0.00      0.00      0.00         0
        J300       0.33      1.00      0.50         1
        J301       0.00      0.00      0.00         1
        J302       0.00      0.00      0.00         1
       J3081       0.00      0.00      0.00         1
       J3089       0.00      0.00      0.00         1
        J309       0.33      1.00      0.50         1
        J310       1.00      1.00      1.00         1
        J319       0.00      0.00      0.00         0
        J320       0.00      0.00      0.00         1
        J321       0.00      0.00      0.00         1
        J322       0.00      0.00      0.00         1
        J324       0.00      0.00      0.00         1
        J328       0.00      0.00      0.00         1
        J329       0.20      1.00      0.33         1
        J341       0.00      0.00      0.00         0
        J342       0.00      0.00      0.00         1
        J343       0.00      0.00      0.00         1
        J348       0.00      0.00      0.00         1
       J3489       0.00      0.00      0.00         1
        J350       0.00      0.00      0.00         0
       J3501       0.00      0.00      0.00         1
        J351       0.00      0.00      0.00         1
        J352       0.00      0.00      0.00         1
        J353       0.50      1.00      0.67         1
       J3589       0.00      0.00      0.00         0
         J36       0.00      0.00      0.00         1
         J40       0.00      0.00      0.00         1
       J4010       0.00      0.00      0.00         0
         J42       0.00      0.00      0.00         1
        J429       0.00      0.00      0.00         0
        J432       0.00      0.00      0.00         1
        J439       1.00      1.00      1.00         1
        J440       0.00      0.00      0.00         1
        J441       0.00      0.00      0.00         1
       J4481       0.00      0.00      0.00         0
        J449       0.00      0.00      0.00         1
       J4490       0.00      0.00      0.00         0
       J4501       0.00      0.00      0.00         0
        J451       0.00      0.00      0.00         0
       J4511       0.00      0.00      0.00         0
       J4520       0.00      0.00      0.00         1
       J4521       0.00      0.00      0.00         1
       J4530       0.00      0.00      0.00         1
       J4531       0.00      0.00      0.00         1
       J4540       0.00      0.00      0.00         1
       J4541       0.00      0.00      0.00         1
       J4550       0.00      0.00      0.00         1
       J4551       0.00      0.00      0.00         1
        J459       0.00      0.00      0.00         0
      J45901       0.00      0.00      0.00         1
      J45909       0.25      1.00      0.40         1
       J4599       0.00      0.00      0.00         1
      J45998       0.00      0.00      0.00         1
        J472       0.00      0.00      0.00         0
       J4731       0.00      0.00      0.00         0
        J479       0.00      0.00      0.00         1
        J690       0.00      0.00      0.00         1
       J6900       0.00      0.00      0.00         0
         J80       0.00      0.00      0.00         1
        J800       0.00      0.00      0.00         0
        J810       0.00      0.00      0.00         1
        J811       0.00      0.00      0.00         1
       J8181       0.00      0.00      0.00         0
        J821       0.00      0.00      0.00         0
        J840       0.00      0.00      0.00         0
       J8410       0.00      0.00      0.00         1
      J84112       0.00      0.00      0.00         1
       J8481       0.00      0.00      0.00         0
        J849       0.00      0.00      0.00         1
        J869       0.00      0.00      0.00         1
         J90       0.00      0.00      0.00         1
        J910       0.00      0.00      0.00         1
        J918       0.00      0.00      0.00         1
        J939       0.00      0.00      0.00         1
        J941       0.00      0.00      0.00         0
      J95811       0.00      0.00      0.00         1
      J95821       0.00      0.00      0.00         1
       J9600       0.00      0.00      0.00         1
       J9601       0.17      1.00      0.29         1
       J9602       0.00      0.00      0.00         1
       J9610       0.00      0.00      0.00         1
       J9611       0.00      0.00      0.00         1
       J9620       0.00      0.00      0.00         1
       J9621       0.00      0.00      0.00         1
       J9622       0.00      0.00      0.00         1
       J9690       1.00      1.00      1.00         1
       J9691       0.00      0.00      0.00         1
       J9801       0.50      1.00      0.67         1
        J981       0.00      0.00      0.00         0
       J9811       0.00      0.00      0.00         1
       J9819       0.00      0.00      0.00         0
        J984       0.00      0.00      0.00         1
        J988       0.00      0.00      0.00         1
       J9880       0.00      0.00      0.00         0
       J9889       0.00      0.00      0.00         0
        J991       0.00      0.00      0.00         0
       J9911       0.00      0.00      0.00         0
        K011       0.00      0.00      0.00         1
      K01818       0.00      0.00      0.00         0
        K029       0.00      0.00      0.00         1
        K047       0.00      0.00      0.00         1
        K088       0.50      1.00      0.67         1
       K0889       0.00      0.00      0.00         1
        K200       0.50      1.00      0.67         1
        K209       1.00      1.00      1.00         1
        K210       0.33      1.00      0.50         1
       K2100       0.00      0.00      0.00         1
        K219       1.00      1.00      1.00         1
       K2210       0.00      0.00      0.00         1
        K222       0.00      0.00      0.00         1
        K226       0.00      0.00      0.00         0
       K2270       0.00      0.00      0.00         1
        K228       0.00      0.00      0.00         1
       K2289       0.00      0.00      0.00         0
        K229       0.00      0.00      0.00         0
        K254       0.00      0.00      0.00         1
        K259       0.00      0.00      0.00         1
        K264       0.00      0.00      0.00         1
        K266       0.00      0.00      0.00         0
        K269       0.00      0.00      0.00         1
       K2690       0.00      0.00      0.00         0
        K279       0.00      0.00      0.00         1
       K2900       1.00      1.00      1.00         1
       K2930       0.00      0.00      0.00         0
       K2950       0.00      0.00      0.00         1
       K2960       0.00      0.00      0.00         1
       K2970       0.00      0.00      0.00         1
       K2980       0.00      0.00      0.00         1
        K299       0.00      0.00      0.00         0
       K2990       0.00      0.00      0.00         0
         K30       0.00      0.00      0.00         1
        K311       0.00      0.00      0.00         0
        K317       0.00      0.00      0.00         1
      K31818       0.00      0.00      0.00         0
       K3184       0.00      0.00      0.00         1
       K3189       0.00      0.00      0.00         1
        K319       0.25      1.00      0.40         1
       K3291       0.00      0.00      0.00         0
        K351       0.00      0.00      0.00         0
        K352       0.00      0.00      0.00         1
        K353       0.00      0.00      0.00         1
       K3580       0.00      0.00      0.00         1
        K359       0.00      0.00      0.00         0
        K400       0.00      0.00      0.00         0
        K401       0.00      0.00      0.00         0
       K4020       0.00      0.00      0.00         1
       K4030       0.00      0.00      0.00         1
        K409       0.00      0.00      0.00         0
       K4090       1.00      1.00      1.00         1
        K420       0.00      0.00      0.00         1
        K429       0.00      0.00      0.00         1
        K430       0.00      0.00      0.00         1
        K431       0.00      0.00      0.00         0
       K4310       0.00      0.00      0.00         0
        K432       0.00      0.00      0.00         1
        K436       0.00      0.00      0.00         1
        K439       0.00      0.00      0.00         1
        K441       0.00      0.00      0.00         0
        K449       0.00      0.00      0.00         1
        K500       0.00      0.00      0.00         0
       K5000       0.00      0.00      0.00         1
       K5010       0.00      0.00      0.00         1
       K5080       0.00      0.00      0.00         1
        K509       0.00      0.00      0.00         0
       K5090       0.33      1.00      0.50         1
       K5100       0.00      0.00      0.00         1
       K5110       0.00      0.00      0.00         0
       K5190       1.00      1.00      1.00         1
        K521       0.00      0.00      0.00         1
       K5289       0.00      0.00      0.00         1
        K529       0.50      1.00      0.67         1
        K550       0.00      0.00      0.00         0
        K559       0.00      0.00      0.00         1
       K5641       0.00      0.00      0.00         1
       K5660       0.00      0.00      0.00         1
      K56600       0.00      0.00      0.00         1
      K56609       0.00      0.00      0.00         1
       K5669       0.00      0.00      0.00         1
        K567       0.00      0.00      0.00         1
       K5681       0.00      0.00      0.00         0
       K5689       0.00      0.00      0.00         0
        K569       0.00      0.00      0.00         0
       K5690       0.00      0.00      0.00         0
        K570       0.00      0.00      0.00         0
        K571       0.00      0.00      0.00         0
       K5720       0.00      0.00      0.00         1
       K5730       0.00      0.00      0.00         1
       K5731       0.00      0.00      0.00         1
       K5732       0.00      0.00      0.00         1
      K57818       0.00      0.00      0.00         0
       K5790       0.00      0.00      0.00         1
       K5792       0.00      0.00      0.00         1
        K580       0.33      1.00      0.50         1
       K5800       0.00      0.00      0.00         0
        K588       0.00      0.00      0.00         0
        K589       0.00      0.00      0.00         1
       K5900       1.00      1.00      1.00         1
       K5901       0.00      0.00      0.00         1
       K5909       0.00      0.00      0.00         1
        K600       0.00      0.00      0.00         0
        K602       0.00      0.00      0.00         1
        K603       0.00      0.00      0.00         1
        K611       0.00      0.00      0.00         1
        K620       0.00      0.00      0.00         0
        K621       0.00      0.00      0.00         1
        K625       0.00      0.00      0.00         1
        K628       0.00      0.00      0.00         0
       K6281       0.00      0.00      0.00         0
       K6289       0.50      1.00      0.67         1
        K631       1.00      1.00      1.00         1
        K632       0.00      0.00      0.00         1
        K635       0.00      0.00      0.00         1
        K636       0.00      0.00      0.00         0
       K6389       0.00      0.00      0.00         1
        K640       1.00      1.00      1.00         1
        K641       1.00      1.00      1.00         1
        K644       0.00      0.00      0.00         1
        K648       1.00      1.00      1.00         1
        K649       1.00      1.00      1.00         1
        K651       0.00      0.00      0.00         1
      K65818       0.00      0.00      0.00         0
        K659       1.00      1.00      1.00         1
        K660       0.00      0.00      0.00         1
        K661       0.33      1.00      0.50         1
        K700       0.00      0.00      0.00         0
       K7000       0.00      0.00      0.00         0
       K7010       0.00      0.00      0.00         1
       K7030       0.00      0.00      0.00         1
       K7031       0.00      0.00      0.00         1
        K709       0.00      0.00      0.00         0
       K7200       0.00      0.00      0.00         1
       K7281       0.00      0.00      0.00         0
       K7290       0.00      0.00      0.00         1
        K737       0.00      0.00      0.00         0
       K7460       0.00      0.00      0.00         1
       K7469       0.00      0.00      0.00         1
        K750       0.00      0.00      0.00         0
        K754       0.00      0.00      0.00         1
       K7581       0.00      0.00      0.00         1
        K760       0.00      0.00      0.00         1
        K766       0.00      0.00      0.00         1
       K7681       0.00      0.00      0.00         0
      K76818       0.00      0.00      0.00         0
       K7689       0.00      0.00      0.00         1
        K769       0.00      0.00      0.00         1
       K8000       0.00      0.00      0.00         1
       K8010       0.00      0.00      0.00         1
       K8012       0.00      0.00      0.00         1
       K8020       0.00      0.00      0.00         1
       K8050       0.00      0.00      0.00         1
        K810       0.00      0.00      0.00         1
        K811       0.00      0.00      0.00         1
       K8110       0.00      0.00      0.00         0
        K819       0.00      0.00      0.00         1
        K828       0.00      0.00      0.00         1
        K831       0.50      1.00      0.67         1
        K838       0.00      0.00      0.00         1
        K839       0.00      0.00      0.00         0
       K8510       0.00      0.00      0.00         1
       K8520       0.00      0.00      0.00         1
        K859       1.00      1.00      1.00         1
       K8590       0.00      0.00      0.00         1
        K861       0.00      0.00      0.00         1
       K8610       0.00      0.00      0.00         0
        K862       0.00      0.00      0.00         1
        K868       0.00      0.00      0.00         1
      K86818       0.00      0.00      0.00         0
       K8689       0.50      1.00      0.67         1
        K900       0.33      1.00      0.50         1
        K909       0.00      0.00      0.00         1
        K912       0.00      0.00      0.00         1
       K9189       0.00      0.00      0.00         1
        K920       0.00      0.00      0.00         1
        K921       0.00      0.00      0.00         1
        K922       0.00      0.00      0.00         1
       K9289       0.00      0.00      0.00         0
        L009       0.00      0.00      0.00         0
       L0100       0.00      0.00      0.00         1
      L02012       0.00      0.00      0.00         0
      L02018       0.00      0.00      0.00         0
      L02111       0.00      0.00      0.00         0
      L02118       0.00      0.00      0.00         0
      L02211       0.00      0.00      0.00         1
      L02214       0.00      0.00      0.00         1
       L0231       0.00      0.00      0.00         1
      L02415       0.00      0.00      0.00         1
      L02416       0.00      0.00      0.00         1
       L0291       0.00      0.00      0.00         1
         L03       0.00      0.00      0.00         0
       L0300       0.00      0.00      0.00         0
      L03011       0.00      0.00      0.00         1
      L03012       0.14      1.00      0.25         1
      L03018       0.00      0.00      0.00         0
      L03031       0.00      0.00      0.00         1
      L03032       0.00      0.00      0.00         1
      L03113       0.00      0.00      0.00         1
      L03114       0.00      0.00      0.00         1
      L03115       0.00      0.00      0.00         1
      L03116       0.00      0.00      0.00         1
      L03119       0.00      0.00      0.00         1
      L03211       0.00      0.00      0.00         1
      L03311       0.00      0.00      0.00         1
       L0390       0.00      0.00      0.00         1
       L0501       0.00      0.00      0.00         1
       L0591       0.00      0.00      0.00         1
        L080       0.00      0.00      0.00         0
        L081       0.00      0.00      0.00         0
       L0889       0.00      0.00      0.00         0
        L089       0.00      0.00      0.00         1
        L208       0.00      0.00      0.00         1
       L2084       0.00      0.00      0.00         1
       L2089       0.00      0.00      0.00         1
        L209       0.00      0.00      0.00         1
        L210       0.00      0.00      0.00         0
        L218       0.00      0.00      0.00         1
       L2181       0.00      0.00      0.00         0
        L219       0.00      0.00      0.00         1
         L22       0.00      0.00      0.00         1
        L220       0.00      0.00      0.00         0
        L221       0.00      0.00      0.00         0
       L2281       0.00      0.00      0.00         0
        L229       0.00      0.00      0.00         0
        L231       0.00      0.00      0.00         0
        L237       0.00      0.00      0.00         1
        L239       0.00      0.00      0.00         1
        L259       0.00      0.00      0.00         1
        L298       0.00      0.00      0.00         1
        L299       0.00      0.00      0.00         1
        L308       0.00      0.00      0.00         1
        L309       0.00      0.00      0.00         1
        L400       1.00      1.00      1.00         1
        L401       0.00      0.00      0.00         0
        L404       0.00      0.00      0.00         0
       L4050       0.00      0.00      0.00         1
       L4059       0.00      0.00      0.00         1
       L4089       0.00      0.00      0.00         0
        L409       0.00      0.00      0.00         1
        L428       0.00      0.00      0.00         0
        L500       0.00      0.00      0.00         1
        L501       0.00      0.00      0.00         1
        L508       0.00      0.00      0.00         1
        L509       1.00      1.00      1.00         1
        L570       0.00      0.00      0.00         1
        L578       0.00      0.00      0.00         1
        L600       1.00      1.00      1.00         1
        L603       0.00      0.00      0.00         1
        L618       0.00      0.00      0.00         0
        L659       0.00      0.00      0.00         1
        L700       1.00      1.00      1.00         1
        L708       0.00      0.00      0.00         1
        L709       0.00      0.00      0.00         1
        L710       0.00      0.00      0.00         0
        L718       0.00      0.00      0.00         1
        L719       0.00      0.00      0.00         1
        L720       0.00      0.00      0.00         1
        L723       0.00      0.00      0.00         1
        L728       0.00      0.00      0.00         1
        L730       0.00      0.00      0.00         0
        L732       0.00      0.00      0.00         1
        L738       0.00      0.00      0.00         1
        L739       0.00      0.00      0.00         1
          L8       0.00      0.00      0.00         0
         L80       0.00      0.00      0.00         1
        L800       0.00      0.00      0.00         0
        L814       0.00      0.00      0.00         1
        L818       0.00      0.00      0.00         0
        L819       0.00      0.00      0.00         0
        L820       0.00      0.00      0.00         1
        L821       0.50      1.00      0.67         1
        L828       0.00      0.00      0.00         0
         L84       0.00      0.00      0.00         1
        L850       0.00      0.00      0.00         0
        L853       0.00      0.00      0.00         1
        L888       0.00      0.00      0.00         0
      L89112       0.00      0.00      0.00         0
      L89121       0.00      0.00      0.00         0
      L89152       0.00      0.00      0.00         1
      L89153       0.00      0.00      0.00         1
      L89154       0.00      0.00      0.00         1
        L905       0.00      0.00      0.00         1
        L910       0.00      0.00      0.00         1
        L911       0.00      0.00      0.00         0
        L918       0.00      0.00      0.00         1
      L97512       0.00      0.00      0.00         1
      L97518       0.00      0.00      0.00         0
      L97519       0.00      0.00      0.00         1
      L97522       0.00      0.00      0.00         1
      L97529       0.00      0.00      0.00         1
      L97818       0.00      0.00      0.00         0
        L988       0.00      0.00      0.00         1
        L989       0.00      0.00      0.00         1
      L99519       0.00      0.00      0.00         0
        M009       0.00      0.00      0.00         1
        M050       0.00      0.00      0.00         0
       M0579       0.00      0.00      0.00         1
       M0589       0.00      0.00      0.00         1
        M059       0.00      0.00      0.00         1
        M060       0.00      0.00      0.00         0
       M0600       1.00      1.00      1.00         1
       M0609       0.00      0.00      0.00         1
        M064       0.00      0.00      0.00         1
        M068       0.00      0.00      0.00         0
       M0681       0.00      0.00      0.00         0
        M069       0.00      0.00      0.00         1
       M0692       0.00      0.00      0.00         0
       M1000       0.00      0.00      0.00         1
       M1001       0.00      0.00      0.00         0
       M1002       0.00      0.00      0.00         0
        M109       0.00      0.00      0.00         1
        M129       0.00      0.00      0.00         1
        M130       0.00      0.00      0.00         1
        M150       0.00      0.00      0.00         1
        M159       0.00      0.00      0.00         1
        M160       0.00      0.00      0.00         1
       M1611       0.00      0.00      0.00         1
       M1612       0.00      0.00      0.00         1
        M169       0.00      0.00      0.00         0
        M170       1.00      1.00      1.00         1
       M1710       0.00      0.00      0.00         1
       M1711       0.25      1.00      0.40         1
       M1712       0.00      0.00      0.00         1
        M178       0.00      0.00      0.00         0
        M179       0.00      0.00      0.00         1
        M180       0.00      0.00      0.00         0
       M1811       0.00      0.00      0.00         1
       M1812       0.00      0.00      0.00         1
      M19011       0.00      0.00      0.00         1
      M19012       0.00      0.00      0.00         1
       M1902       0.00      0.00      0.00         0
      M19041       0.00      0.00      0.00         1
      M19042       0.00      0.00      0.00         1
      M19062       0.00      0.00      0.00         0
      M19071       0.00      0.00      0.00         1
      M19072       0.00      0.00      0.00         1
       M1911       0.00      0.00      0.00         0
       M1990       0.00      0.00      0.00         1
        M200       0.00      0.00      0.00         0
       M2002       0.00      0.00      0.00         0
       M2011       0.00      0.00      0.00         1
       M2012       0.33      1.00      0.50         1
       M2021       0.00      0.00      0.00         1
       M2041       0.00      0.00      0.00         1
       M2042       0.00      0.00      0.00         1
      M21371       0.00      0.00      0.00         1
       M2202       0.00      0.00      0.00         0
      M222X1       0.00      0.00      0.00         1
      M222X2       0.00      0.00      0.00         1
       M2241       0.50      1.00      0.67         1
       M2242       0.00      0.00      0.00         1
       M2281       0.00      0.00      0.00         0
      M25311       0.00      0.00      0.00         1
      M25411       0.00      0.00      0.00         0
      M25412       0.00      0.00      0.00         0
      M25442       0.00      0.00      0.00         0
      M25461       0.00      0.00      0.00         1
      M25462       0.00      0.00      0.00         1
       M2550       0.00      0.00      0.00         1
      M25509       0.00      0.00      0.00         0
      M25511       0.00      0.00      0.00         1
      M25512       0.00      0.00      0.00         1
      M25519       0.00      0.00      0.00         1
       M2552       0.00      0.00      0.00         0
      M25521       0.00      0.00      0.00         1
      M25522       0.00      0.00      0.00         1
      M25531       0.00      0.00      0.00         1
      M25532       0.00      0.00      0.00         1
      M25541       0.00      0.00      0.00         1
      M25551       0.00      0.00      0.00         1
      M25552       1.00      1.00      1.00         1
      M25559       0.00      0.00      0.00         1
      M25561       0.00      0.00      0.00         1
      M25562       0.00      0.00      0.00         1
      M25569       0.00      0.00      0.00         1
      M25571       0.00      0.00      0.00         1
      M25572       0.00      0.00      0.00         1
      M25579       0.00      0.00      0.00         1
       M2560       0.00      0.00      0.00         1
      M25601       0.00      0.00      0.00         0
       M2561       0.00      0.00      0.00         0
      M25611       0.00      0.00      0.00         1
      M25612       0.00      0.00      0.00         1
      M25661       0.00      0.00      0.00         1
      M25662       0.00      0.00      0.00         1
       M2589       0.00      0.00      0.00         0
      M25898       0.00      0.00      0.00         0
       M2902       0.00      0.00      0.00         0
        M316       0.00      0.00      0.00         1
        M320       0.00      0.00      0.00         0
       M3210       0.00      0.00      0.00         1
       M3214       0.00      0.00      0.00         1
        M328       0.00      0.00      0.00         0
       M3281       0.00      0.00      0.00         0
        M329       0.00      0.00      0.00         1
        M349       0.00      0.00      0.00         1
       M3500       0.00      0.00      0.00         1
        M353       0.00      0.00      0.00         1
        M358       0.00      0.00      0.00         0
      M35818       0.00      0.00      0.00         0
        M359       0.00      0.00      0.00         1
       M4120       0.00      0.00      0.00         0
        M419       0.00      0.00      0.00         1
       M4306       0.00      0.00      0.00         1
       M4310       0.00      0.00      0.00         0
       M4316       1.00      1.00      1.00         1
       M4317       0.00      0.00      0.00         1
        M436       0.00      0.00      0.00         1
        M438       0.00      0.00      0.00         0
       M4582       0.00      0.00      0.00         0
        M459       0.00      0.00      0.00         1
        M461       0.00      0.00      0.00         1
       M4711       0.00      0.00      0.00         0
       M4712       0.00      0.00      0.00         1
       M4722       0.00      0.00      0.00         1
       M4726       0.00      0.00      0.00         1
       M4727       0.00      0.00      0.00         1
       M4780       0.00      0.00      0.00         0
       M4781       0.00      0.00      0.00         0
      M47812       0.00      0.00      0.00         1
      M47814       0.00      0.00      0.00         1
      M47816       0.00      0.00      0.00         1
      M47817       0.00      0.00      0.00         1
       M4782       0.00      0.00      0.00         0
       M4786       0.00      0.00      0.00         0
      M47892       0.00      0.00      0.00         1
      M47896       0.00      0.00      0.00         1
       M4800       0.00      0.00      0.00         1
      M48012       0.00      0.00      0.00         0
       M4802       0.00      0.00      0.00         1
       M4806       0.33      1.00      0.50         1
      M48061       0.00      0.00      0.00         1
      M48062       0.00      0.00      0.00         1
       M4807       0.00      0.00      0.00         1
       M4811       0.00      0.00      0.00         0
     M4854XA       0.00      0.00      0.00         1
     M4856XA       0.00      0.00      0.00         1
       M5010       0.50      1.00      0.67         1
       M5011       0.00      0.00      0.00         0
      M50111       0.00      0.00      0.00         0
       M5012       0.00      0.00      0.00         1
      M50122       0.00      0.00      0.00         1
       M5013       0.00      0.00      0.00         1
       M5016       0.00      0.00      0.00         0
       M5020       0.00      0.00      0.00         1
       M5030       0.00      0.00      0.00         1
       M5032       0.00      0.00      0.00         1
      M50322       0.00      0.00      0.00         1
       M5106       0.00      0.00      0.00         1
       M5112       0.00      0.00      0.00         0
       M5116       0.00      0.00      0.00         1
       M5117       0.00      0.00      0.00         1
       M5126       0.00      0.00      0.00         1
       M5127       0.00      0.00      0.00         1
       M5134       0.00      0.00      0.00         1
       M5136       0.50      1.00      0.67         1
       M5137       0.00      0.00      0.00         1
        M530       0.00      0.00      0.00         1
        M531       0.00      0.00      0.00         1
       M5311       0.00      0.00      0.00         0
       M5316       0.00      0.00      0.00         0
        M533       0.00      0.00      0.00         1
        M538       0.00      0.00      0.00         0
       M5381       0.00      0.00      0.00         0
       M5382       1.00      1.00      1.00         1
       M5386       0.00      0.00      0.00         1
        M541       0.00      0.00      0.00         0
       M5410       0.00      0.00      0.00         1
       M5411       0.00      0.00      0.00         0
       M5412       1.00      1.00      1.00         1
       M5413       0.00      0.00      0.00         1
       M5414       0.00      0.00      0.00         1
       M5416       0.50      1.00      0.67         1
       M5417       0.00      0.00      0.00         1
        M542       0.00      0.00      0.00         1
       M5430       0.00      0.00      0.00         1
       M5431       0.00      0.00      0.00         1
       M5432       0.00      0.00      0.00         1
       M5436       0.00      0.00      0.00         0
        M544       0.00      0.00      0.00         0
       M5440       0.00      0.00      0.00         1
       M5441       0.00      0.00      0.00         1
       M5442       0.00      0.00      0.00         1
       M5446       0.00      0.00      0.00         0
        M545       0.00      0.00      0.00         1
       M5450       0.00      0.00      0.00         1
        M546       0.00      0.00      0.00         1
       M5466       0.00      0.00      0.00         0
       M5481       0.25      1.00      0.40         1
       M5486       0.00      0.00      0.00         0
       M5489       0.00      0.00      0.00         1
        M549       0.00      0.00      0.00         1
        M609       1.00      1.00      1.00         1
       M6250       0.00      0.00      0.00         1
        M628       0.00      0.00      0.00         1
       M6281       0.00      0.00      0.00         1
      M62818       0.00      0.00      0.00         0
       M6282       0.00      0.00      0.00         1
      M62830       0.00      0.00      0.00         1
      M62838       0.00      0.00      0.00         1
       M6289       0.00      0.00      0.00         1
      M65021       0.00      0.00      0.00         0
       M6511       0.00      0.00      0.00         0
      M65311       0.00      0.00      0.00         1
      M65331       0.00      0.00      0.00         1
      M65332       0.00      0.00      0.00         1
      M65341       0.00      0.00      0.00         1
        M654       0.00      0.00      0.00         1
      M65822       0.00      0.00      0.00         0
        M659       0.00      0.00      0.00         1
       M7012       0.00      0.00      0.00         0
       M7061       0.00      0.00      0.00         1
       M7062       0.00      0.00      0.00         1
        M720       0.50      1.00      0.67         1
       M7202       0.00      0.00      0.00         0
        M722       0.00      0.00      0.00         1
        M726       0.00      0.00      0.00         0
       M7281       0.00      0.00      0.00         0
      M72812       0.00      0.00      0.00         0
       M7501       0.00      0.00      0.00         1
       M7502       0.00      0.00      0.00         1
      M75101       0.00      0.00      0.00         1
      M75102       0.00      0.00      0.00         1
       M7511       0.00      0.00      0.00         0
      M75111       0.00      0.00      0.00         1
      M75112       0.50      1.00      0.67         1
      M75121       0.00      0.00      0.00         1
      M75122       0.00      0.00      0.00         1
       M7521       0.00      0.00      0.00         1
       M7522       0.00      0.00      0.00         1
       M7541       0.00      0.00      0.00         1
       M7542       0.00      0.00      0.00         1
       M7551       0.00      0.00      0.00         1
       M7552       0.00      0.00      0.00         1
       M7581       0.00      0.00      0.00         1
       M7582       0.00      0.00      0.00         1
       M7661       0.00      0.00      0.00         1
       M7662       0.00      0.00      0.00         1
      M76821       0.00      0.00      0.00         1
      M76822       0.00      0.00      0.00         1
       M7701       0.00      0.00      0.00         1
       M7702       0.00      0.00      0.00         0
       M7711       0.00      0.00      0.00         1
       M7712       0.00      0.00      0.00         1
       M7731       0.00      0.00      0.00         1
       M7732       0.00      0.00      0.00         1
       M7741       0.00      0.00      0.00         1
       M7751       0.00      0.00      0.00         0
        M778       0.00      0.00      0.00         1
        M779       1.00      1.00      1.00         1
        M790       0.00      0.00      0.00         0
       M7901       0.00      0.00      0.00         0
        M791       0.00      0.00      0.00         1
       M7910       0.00      0.00      0.00         1
       M7918       0.00      0.00      0.00         1
        M792       0.00      0.00      0.00         1
      M79601       0.00      0.00      0.00         1
      M79602       0.00      0.00      0.00         1
      M79604       0.00      0.00      0.00         1
      M79605       0.00      0.00      0.00         1
      M79606       0.00      0.00      0.00         1
      M79609       0.00      0.00      0.00         1
       M7961       0.00      0.00      0.00         0
      M79641       0.00      0.00      0.00         1
      M79642       0.00      0.00      0.00         1
      M79644       0.00      0.00      0.00         1
      M79645       0.00      0.00      0.00         1
      M79651       0.00      0.00      0.00         1
      M79652       0.00      0.00      0.00         1
      M79658       0.00      0.00      0.00         0
      M79661       0.00      0.00      0.00         1
      M79662       0.00      0.00      0.00         1
      M79671       0.00      0.00      0.00         1
      M79672       0.00      0.00      0.00         1
      M79673       0.00      0.00      0.00         1
      M79674       0.00      0.00      0.00         1
      M79675       0.00      0.00      0.00         1
      M79679       0.00      0.00      0.00         0
        M797       0.00      0.00      0.00         1
        M798       0.00      0.00      0.00         0
       M7981       0.00      0.00      0.00         0
      M79818       0.00      0.00      0.00         0
       M7989       0.00      0.00      0.00         1
        M810       0.00      0.00      0.00         1
        M818       1.00      1.00      1.00         1
        M819       0.00      0.00      0.00         0
       M8580       0.00      0.00      0.00         1
       M8588       0.00      0.00      0.00         1
       M8589       0.00      0.00      0.00         1
        M859       0.00      0.00      0.00         0
        M860       0.00      0.00      0.00         0
       M8611       0.00      0.00      0.00         0
       M8612       0.00      0.00      0.00         0
      M86171       0.00      0.00      0.00         1
      M86172       0.00      0.00      0.00         1
      M868X7       0.00      0.00      0.00         1
        M869       0.00      0.00      0.00         1
       M8989       0.00      0.00      0.00         0
        M899       1.00      1.00      1.00         1
        M940       0.00      0.00      0.00         1
        M941       0.00      0.00      0.00         0
        M961       1.00      1.00      1.00         1
       M9900       0.00      0.00      0.00         1
       M9901       0.00      0.00      0.00         1
       M9902       0.25      1.00      0.40         1
       M9903       0.00      0.00      0.00         1
       M9904       0.00      0.00      0.00         1
       M9905       0.00      0.00      0.00         1
       M9906       0.00      0.00      0.00         1
       M9911       0.00      0.00      0.00         1
       M9912       0.00      0.00      0.00         0
       M9914       0.00      0.00      0.00         0
         N10       0.00      0.00      0.00         1
        N100       0.00      0.00      0.00         0
         N12       0.00      0.00      0.00         1
        N129       0.00      0.00      0.00         0
        N130       0.00      0.00      0.00         0
        N131       0.50      1.00      0.67         1
        N132       0.00      0.00      0.00         1
        N133       0.00      0.00      0.00         0
       N1330       0.00      0.00      0.00         1
        N135       0.00      0.00      0.00         1
        N136       0.00      0.00      0.00         1
        N138       1.00      1.00      1.00         1
        N139       0.00      0.00      0.00         0
        N170       0.00      0.00      0.00         1
        N171       0.00      0.00      0.00         0
        N178       0.00      0.00      0.00         1
        N179       0.00      0.00      0.00         1
        N181       0.25      1.00      0.40         1
        N182       0.00      0.00      0.00         1
        N183       0.33      1.00      0.50         1
       N1830       0.00      0.00      0.00         1
       N1831       1.00      1.00      1.00         1
       N1832       0.00      0.00      0.00         1
        N184       0.25      1.00      0.40         1
        N185       0.00      0.00      0.00         1
        N186       0.00      0.00      0.00         1
        N189       0.50      1.00      0.67         1
         N19       0.00      0.00      0.00         1
        N200       0.00      0.00      0.00         1
        N201       0.25      1.00      0.40         1
        N202       0.00      0.00      0.00         1
        N210       0.00      0.00      0.00         1
         N23       0.00      0.00      0.00         1
       N2581       0.00      0.00      0.00         1
        N281       0.50      1.00      0.67         1
        N288       0.00      0.00      0.00         0
       N2889       0.00      0.00      0.00         1
        N289       0.00      0.00      0.00         1
       N3000       0.50      1.00      0.67         1
       N3001       1.00      1.00      1.00         1
       N3010       0.00      0.00      0.00         1
        N309       0.00      0.00      0.00         0
       N3090       0.00      0.00      0.00         1
        N319       0.00      0.00      0.00         1
        N328       0.00      0.00      0.00         0
       N3281       0.00      0.00      0.00         1
       N3289       0.00      0.00      0.00         1
        N342       0.00      0.00      0.00         1
        N359       0.00      0.00      0.00         1
        N390       0.00      0.00      0.00         1
       N3901       0.00      0.00      0.00         0
        N393       0.00      0.00      0.00         1
       N3941       0.00      0.00      0.00         1
       N3946       0.00      0.00      0.00         1
       N3989       0.00      0.00      0.00         0
        N400       0.00      0.00      0.00         1
        N401       0.00      0.00      0.00         1
        N410       0.33      1.00      0.50         1
        N419       0.00      0.00      0.00         0
        N433       0.00      0.00      0.00         1
        N451       0.00      0.00      0.00         1
      N45818       0.00      0.00      0.00         0
         N47       0.00      0.00      0.00         0
        N471       0.00      0.00      0.00         1
        N479       0.00      0.00      0.00         0
        N508       0.00      0.00      0.00         1
       N5089       0.00      0.00      0.00         1
         N52       0.00      0.00      0.00         0
        N529       0.00      0.00      0.00         1
        N538       0.00      0.00      0.00         0
       N6001       0.00      0.00      0.00         1
       N6002       0.00      0.00      0.00         1
       N6011       0.00      0.00      0.00         1
       N6012       0.00      0.00      0.00         1
        N609       0.00      0.00      0.00         0
         N62       0.00      0.00      0.00         1
         N63       0.00      0.00      0.00         1
       N6310       0.00      0.00      0.00         1
       N6311       0.00      0.00      0.00         1
       N6320       0.00      0.00      0.00         1
       N6389       0.00      0.00      0.00         0
        N639       0.00      0.00      0.00         0
        N641       0.00      0.00      0.00         0
        N644       0.00      0.00      0.00         1
       N6452       0.00      0.00      0.00         1
       N6489       0.00      0.00      0.00         1
         N72       0.00      0.00      0.00         1
        N720       0.00      0.00      0.00         0
        N730       0.00      0.00      0.00         0
        N736       0.00      0.00      0.00         1
        N739       0.00      0.00      0.00         1
        N760       0.50      1.00      0.67         1
        N761       0.00      0.00      0.00         1
        N800       0.00      0.00      0.00         1
        N801       0.20      1.00      0.33         1
        N803       0.00      0.00      0.00         1
        N809       1.00      1.00      1.00         1
        N810       0.00      0.00      0.00         0
        N811       0.00      0.00      0.00         0
       N8110       0.00      0.00      0.00         1
       N8111       0.00      0.00      0.00         1
        N812       0.00      0.00      0.00         1
        N814       0.00      0.00      0.00         1
        N816       0.00      0.00      0.00         1
        N818       0.00      0.00      0.00         0
        N819       0.00      0.00      0.00         0
      N83101       0.00      0.00      0.00         0
       N8311       0.00      0.00      0.00         0
       N8320       0.00      0.00      0.00         1
      N83201       0.00      0.00      0.00         1
      N83202       0.00      0.00      0.00         1
      N83209       0.00      0.00      0.00         1
      N83212       0.00      0.00      0.00         0
      N83291       0.00      0.00      0.00         1
        N838       0.00      0.00      0.00         1
        N840       0.00      0.00      0.00         1
        N841       0.50      1.00      0.67         1
        N848       0.00      0.00      0.00         0
        N850       0.00      0.00      0.00         0
        N858       0.00      0.00      0.00         1
       N8581       0.00      0.00      0.00         0
        N870       0.00      0.00      0.00         1
        N871       0.00      0.00      0.00         1
        N888       0.00      0.00      0.00         1
        N898       0.00      0.00      0.00         1
       N9089       0.00      0.00      0.00         1
        N911       0.00      0.00      0.00         1
        N912       0.00      0.00      0.00         1
        N915       0.00      0.00      0.00         1
        N918       0.00      0.00      0.00         0
        N919       0.00      0.00      0.00         0
        N920       0.33      1.00      0.50         1
        N921       0.00      0.00      0.00         1
        N925       0.00      0.00      0.00         1
        N926       0.00      0.00      0.00         1
        N928       0.00      0.00      0.00         0
        N938       1.00      1.00      1.00         1
        N939       0.00      0.00      0.00         1
        N940       0.00      0.00      0.00         0
       N9410       0.00      0.00      0.00         1
        N943       0.00      0.00      0.00         0
        N946       0.00      0.00      0.00         1
       N9489       0.00      0.00      0.00         1
        N949       0.00      0.00      0.00         1
        N950       0.00      0.00      0.00         1
        N951       0.33      1.00      0.50         1
        N952       0.00      0.00      0.00         1
        N959       1.00      1.00      1.00         1
         N96       0.00      0.00      0.00         1
        N970       0.00      0.00      0.00         0
        N978       0.00      0.00      0.00         1
        N979       0.00      0.00      0.00         1
        NONE       0.00      0.00      0.00         0
        O021       0.00      0.00      0.00         1
        O031       0.00      0.00      0.00         0
        O034       0.00      0.00      0.00         1
        O039       0.50      1.00      0.67         1
      O09513       0.00      0.00      0.00         1
      O09521       0.00      0.00      0.00         1
      O09522       0.00      0.00      0.00         1
      O09523       0.00      0.00      0.00         1
       O0981       0.00      0.00      0.00         0
      O09893       0.00      0.00      0.00         1
        O099       0.00      0.00      0.00         0
       O0990       0.00      0.00      0.00         1
       O0991       0.00      0.00      0.00         1
       O0992       0.00      0.00      0.00         1
       O0993       1.00      1.00      1.00         1
        O131       0.00      0.00      0.00         0
       O1310       0.00      0.00      0.00         0
        O133       0.00      0.00      0.00         1
        O134       0.00      0.00      0.00         1
       O1390       0.00      0.00      0.00         0
        O141       0.00      0.00      0.00         0
        O200       0.00      0.00      0.00         1
        O209       0.00      0.00      0.00         1
        O210       0.00      0.00      0.00         1
        O219       0.00      0.00      0.00         1
      O24409       0.00      0.00      0.00         0
       O2441       0.00      0.00      0.00         0
      O24410       0.00      0.00      0.00         1
      O24412       0.00      0.00      0.00         0
      O24413       0.00      0.00      0.00         0
      O24414       0.00      0.00      0.00         1
      O24419       0.00      0.00      0.00         1
      O24420       0.00      0.00      0.00         1
      O24430       0.00      0.00      0.00         0
      O24433       0.00      0.00      0.00         0
        O249       0.00      0.00      0.00         0
      O26891       0.00      0.00      0.00         1
      O26892       0.00      0.00      0.00         1
      O26893       0.00      0.00      0.00         1
      O26898       0.00      0.00      0.00         0
      O26899       1.00      1.00      1.00         1
      O30043       0.00      0.00      0.00         1
     O321XX0       0.00      0.00      0.00         1
       O3421       0.00      0.00      0.00         1
      O34211       0.00      0.00      0.00         1
      O34219       0.00      0.00      0.00         1
     O3481X0       0.00      0.00      0.00         0
     O358XX0       0.00      0.00      0.00         1
     O3601X0       0.00      0.00      0.00         0
     O365930       0.00      0.00      0.00         1
     O3663X0       0.00      0.00      0.00         1
     O3680X0       0.00      0.00      0.00         1
     O368130       0.00      0.00      0.00         1
     O368XX0       0.00      0.00      0.00         0
       O3693       0.00      0.00      0.00         0
     O4103X0       0.00      0.00      0.00         1
        O420       0.00      0.00      0.00         0
       O4201       0.00      0.00      0.00         0
       O4202       0.00      0.00      0.00         1
     O4283X0       0.00      0.00      0.00         0
       O4290       0.00      0.00      0.00         0
       O4292       0.00      0.00      0.00         1
       O4703       0.00      0.00      0.00         1
        O471       0.00      0.00      0.00         1
     O4781X0       0.00      0.00      0.00         0
        O480       0.00      0.00      0.00         1
       O6003       0.00      0.00      0.00         1
     O6014X0       0.00      0.00      0.00         1
     O691XX0       0.00      0.00      0.00         1
     O6981X0       0.00      0.00      0.00         1
         O70       0.00      0.00      0.00         0
        O700       0.50      1.00      0.67         1
        O701       0.00      0.00      0.00         1
       O7182       0.00      0.00      0.00         1
       O7201       0.00      0.00      0.00         0
        O721       0.00      0.00      0.00         1
       O7289       0.00      0.00      0.00         0
       O7589       0.00      0.00      0.00         1
         O76       0.00      0.00      0.00         1
        O760       0.00      0.00      0.00         0
        O770       0.00      0.00      0.00         1
         O80       0.00      0.00      0.00         1
       O9081       0.00      0.00      0.00         1
       O9902       0.00      0.00      0.00         1
       O9921       0.00      0.00      0.00         0
      O99213       0.00      0.00      0.00         1
      O99214       0.00      0.00      0.00         1
      O99284       0.00      0.00      0.00         1
      O99344       0.00      0.00      0.00         1
       O9952       0.00      0.00      0.00         1
       O9981       0.00      0.00      0.00         0
      O99810       0.00      0.00      0.00         1
      O99824       0.00      0.00      0.00         1
      O99843       0.00      0.00      0.00         0
       O9989       0.00      0.00      0.00         1
        P002       0.00      0.00      0.00         1
        P220       1.00      1.00      1.00         1
        P221       0.00      0.00      0.00         1
        P280       0.00      0.00      0.00         0
        P284       0.00      0.00      0.00         1
       P2889       0.00      0.00      0.00         0
        P380       0.00      0.00      0.00         0
        P519       0.00      0.00      0.00         0
        P599       0.00      0.00      0.00         1
        P929       0.00      0.00      0.00         1
        Q210       0.00      0.00      0.00         1
        Q211       0.00      0.00      0.00         1
        Q231       0.00      0.00      0.00         1
        Q250       0.00      0.00      0.00         1
        Q900       0.00      0.00      0.00         0
        Q909       0.00      0.00      0.00         1
        R000       0.00      0.00      0.00         1
        R001       0.00      0.00      0.00         1
        R002       0.00      0.00      0.00         1
        R010       0.00      0.00      0.00         0
        R011       0.00      0.00      0.00         1
        R012       0.00      0.00      0.00         0
        R030       0.00      0.00      0.00         1
        R040       1.00      1.00      1.00         1
        R042       0.00      0.00      0.00         1
         R05       0.00      0.00      0.00         1
       R0501       0.00      0.00      0.00         0
       R0589       0.00      0.00      0.00         0
        R059       0.00      0.00      0.00         1
        R060       0.00      0.00      0.00         0
       R0600       0.00      0.00      0.00         1
       R0601       0.00      0.00      0.00         0
       R0602       0.00      0.00      0.00         1
       R0603       0.00      0.00      0.00         1
       R0609       0.00      0.00      0.00         1
        R062       0.00      0.00      0.00         1
       R0681       0.00      0.00      0.00         0
       R0683       0.00      0.00      0.00         1
       R0689       1.00      1.00      1.00         1
        R070       0.00      0.00      0.00         1
       R0701       0.00      0.00      0.00         0
        R071       0.25      1.00      0.40         1
       R0711       0.00      0.00      0.00         0
        R072       0.00      0.00      0.00         1
        R078       0.00      0.00      0.00         1
       R0781       0.00      0.00      0.00         1
       R0789       0.00      0.00      0.00         1
        R079       0.00      0.00      0.00         1
        R080       0.00      0.00      0.00         0
        R090       0.00      0.00      0.00         0
       R0901       0.00      0.00      0.00         0
       R0902       0.00      0.00      0.00         1
        R091       0.00      0.00      0.00         1
       R0981       0.00      0.00      0.00         1
       R0982       0.00      0.00      0.00         1
       R0989       0.00      0.00      0.00         1
        R100       0.00      0.00      0.00         1
       R1001       0.00      0.00      0.00         0
       R1010       0.00      0.00      0.00         1
       R1011       0.00      0.00      0.00         1
       R1012       0.00      0.00      0.00         1
       R1013       0.00      0.00      0.00         1
        R102       0.00      0.00      0.00         1
       R1030       0.00      0.00      0.00         1
       R1031       0.00      0.00      0.00         1
       R1032       0.00      0.00      0.00         1
       R1033       0.00      0.00      0.00         1
       R1084       0.00      0.00      0.00         1
        R109       1.00      1.00      1.00         1
        R110       0.50      1.00      0.67         1
        R111       0.00      0.00      0.00         0
       R1110       0.00      0.00      0.00         1
        R112       0.00      0.00      0.00         1
        R119       0.00      0.00      0.00         0
         R12       0.00      0.00      0.00         1
        R120       0.00      0.00      0.00         0
        R121       0.00      0.00      0.00         0
        R130       0.00      0.00      0.00         0
        R131       0.00      0.00      0.00         0
       R1310       0.00      0.00      0.00         1
       R1311       0.00      0.00      0.00         1
       R1312       0.00      0.00      0.00         1
       R1314       0.00      0.00      0.00         1
       R1319       0.00      0.00      0.00         1
        R140       0.00      0.00      0.00         1
        R159       0.00      0.00      0.00         1
        R160       0.00      0.00      0.00         1
        R161       0.00      0.00      0.00         1
         R17       0.00      0.00      0.00         1
        R171       0.00      0.00      0.00         0
        R180       0.00      0.00      0.00         1
        R181       0.00      0.00      0.00         0
        R188       0.00      0.00      0.00         1
        R190       0.00      0.00      0.00         0
       R1900       0.00      0.00      0.00         1
       R1901       0.00      0.00      0.00         0
       R1909       0.00      0.00      0.00         1
        R191       0.00      0.00      0.00         0
        R194       0.00      0.00      0.00         1
        R195       0.00      0.00      0.00         1
        R197       0.00      0.00      0.00         1
        R198       0.00      0.00      0.00         1
       R1981       0.00      0.00      0.00         0
       R1989       0.00      0.00      0.00         0
        R200       0.00      0.00      0.00         1
        R202       0.00      0.00      0.00         1
        R208       0.00      0.00      0.00         1
        R209       1.00      1.00      1.00         1
         R21       0.00      0.00      0.00         1
         R22       0.00      0.00      0.00         0
        R220       0.33      1.00      0.50         1
       R2202       0.00      0.00      0.00         0
        R221       0.00      0.00      0.00         1
        R222       0.00      0.00      0.00         1
       R2231       0.00      0.00      0.00         1
       R2232       0.00      0.00      0.00         1
       R2241       0.00      0.00      0.00         1
       R2242       0.00      0.00      0.00         1
        R228       0.00      0.00      0.00         0
       R2281       0.00      0.00      0.00         0
        R229       0.00      0.00      0.00         1
         R23       0.00      0.00      0.00         1
        R232       0.00      0.00      0.00         1
        R238       0.00      0.00      0.00         1
        R251       0.00      0.00      0.00         1
        R252       0.00      0.00      0.00         1
        R259       0.00      0.00      0.00         0
        R260       0.00      0.00      0.00         1
        R262       0.00      0.00      0.00         1
        R268       0.00      0.00      0.00         1
       R2681       0.00      0.00      0.00         1
       R2689       0.00      0.00      0.00         1
        R269       0.00      0.00      0.00         1
         R27       0.00      0.00      0.00         1
        R270       0.00      0.00      0.00         1
        R271       0.00      0.00      0.00         0
        R278       0.00      0.00      0.00         1
        R279       0.00      0.00      0.00         1
        R293       0.00      0.00      0.00         1
        R296       0.00      0.00      0.00         1
       R2981       0.00      0.00      0.00         1
      R29810       0.00      0.00      0.00         1
      R29818       0.00      0.00      0.00         1
       R2989       0.00      0.00      0.00         1
      R29898       0.00      0.00      0.00         1
        R300       0.00      0.00      0.00         1
        R309       0.00      0.00      0.00         1
        R310       0.00      0.00      0.00         1
        R312       0.00      0.00      0.00         1
       R3120       0.00      0.00      0.00         0
       R3121       1.00      1.00      1.00         1
       R3129       0.00      0.00      0.00         1
        R319       0.00      0.00      0.00         1
         R32       0.00      0.00      0.00         1
        R320       0.00      0.00      0.00         0
        R329       0.00      0.00      0.00         0
        R338       0.00      0.00      0.00         1
        R339       0.00      0.00      0.00         1
        R350       0.00      0.00      0.00         1
        R351       0.00      0.00      0.00         1
        R390       0.00      0.00      0.00         0
       R3901       0.00      0.00      0.00         0
       R3914       0.00      0.00      0.00         1
       R3915       0.00      0.00      0.00         1
       R3981       0.00      0.00      0.00         0
       R3989       0.00      0.00      0.00         1
        R399       0.00      0.00      0.00         1
        R400       0.00      0.00      0.00         0
        R404       0.00      0.00      0.00         1
         R41       0.00      0.00      0.00         1
        R410       0.00      0.00      0.00         1
        R413       0.00      0.00      0.00         1
        R418       0.00      0.00      0.00         1
       R4181       0.00      0.00      0.00         0
      R41818       0.00      0.00      0.00         0
       R4182       0.00      0.00      0.00         1
      R41840       0.00      0.00      0.00         1
      R41841       0.00      0.00      0.00         1
       R4189       0.00      0.00      0.00         1
         R42       0.00      0.00      0.00         1
        R420       0.00      0.00      0.00         0
       R4281       0.00      0.00      0.00         0
      R42818       0.00      0.00      0.00         0
        R451       0.00      0.00      0.00         1
       R4701       0.00      0.00      0.00         1
        R471       0.50      1.00      0.67         1
       R4781       0.00      0.00      0.00         1
       R4789       0.00      0.00      0.00         1
        R488       0.25      1.00      0.40         1
       R4889       0.00      0.00      0.00         0
        R490       0.00      0.00      0.00         1
       R4901       0.00      0.00      0.00         0
        R500       0.00      0.00      0.00         0
       R5081       0.00      0.00      0.00         1
        R509       0.00      0.00      0.00         1
         R51       0.00      0.00      0.00         1
        R510       0.00      0.00      0.00         0
       R5189       0.00      0.00      0.00         0
        R519       0.00      0.00      0.00         1
         R52       0.00      0.00      0.00         1
       R5281       0.00      0.00      0.00         0
        R531       0.00      0.00      0.00         1
       R5381       0.50      1.00      0.67         1
       R5382       0.00      0.00      0.00         1
       R5383       0.00      0.00      0.00         1
        R539       0.00      0.00      0.00         0
         R54       0.00      0.00      0.00         1
         R55       0.00      0.00      0.00         1
        R551       0.00      0.00      0.00         0
        R569       0.00      0.00      0.00         1
        R570       0.00      0.00      0.00         1
        R571       0.00      0.00      0.00         1
        R578       0.00      0.00      0.00         1
        R579       0.00      0.00      0.00         1
         R58       0.00      0.00      0.00         1
        R590       0.50      1.00      0.67         1
        R591       0.00      0.00      0.00         1
        R599       0.00      0.00      0.00         1
        R600       0.00      0.00      0.00         1
       R6002       0.00      0.00      0.00         0
        R601       0.00      0.00      0.00         1
        R609       0.00      0.00      0.00         1
         R61       0.00      0.00      0.00         1
        R620       0.00      0.00      0.00         1
        R621       0.00      0.00      0.00         0
        R622       0.00      0.00      0.00         0
       R6250       0.00      0.00      0.00         1
       R6251       0.00      0.00      0.00         1
       R6252       0.00      0.00      0.00         1
        R627       0.00      0.00      0.00         1
       R6281       0.00      0.00      0.00         0
        R629       0.00      0.00      0.00         0
        R630       0.00      0.00      0.00         1
        R633       0.00      0.00      0.00         1
        R634       0.00      0.00      0.00         1
        R635       0.00      0.00      0.00         1
        R638       0.00      0.00      0.00         0
       R6381       0.00      0.00      0.00         0
      R63818       0.00      0.00      0.00         0
       R6389       0.00      0.00      0.00         0
         R64       0.00      0.00      0.00         1
       R6501       0.00      0.00      0.00         0
        R651       0.00      0.00      0.00         0
       R6510       0.00      0.00      0.00         1
       R6520       0.00      0.00      0.00         1
       R6521       0.00      0.00      0.00         1
       R6581       0.00      0.00      0.00         0
         R68       0.00      0.00      0.00         1
        R688       0.00      0.00      0.00         1
       R6882       0.00      0.00      0.00         1
       R6883       0.00      0.00      0.00         1
       R6884       0.00      0.00      0.00         1
       R6889       0.00      0.00      0.00         1
         R69       0.00      0.00      0.00         1
        R690       0.00      0.00      0.00         0
       R6981       0.00      0.00      0.00         0
       R6989       0.00      0.00      0.00         0
        R730       0.00      0.00      0.00         0
       R7301       0.00      0.00      0.00         1
       R7302       0.00      0.00      0.00         1
       R7303       0.00      0.00      0.00         1
       R7309       0.00      0.00      0.00         1
        R739       0.00      0.00      0.00         1
        R740       0.33      1.00      0.50         1
       R7401       0.00      0.00      0.00         1
        R748       0.00      0.00      0.00         1
        R760       0.00      0.00      0.00         1
       R7601       0.00      0.00      0.00         0
       R7611       0.00      0.00      0.00         1
        R768       0.00      0.00      0.00         1
      R76818       0.00      0.00      0.00         0
       R7689       0.00      0.00      0.00         0
        R770       0.00      0.00      0.00         0
       R7881       0.50      1.00      0.67         1
        R791       0.00      0.00      0.00         1
       R7981       0.00      0.00      0.00         0
      R79818       0.00      0.00      0.00         0
       R7982       0.00      0.00      0.00         1
       R7989       0.00      0.00      0.00         1
        R799       0.00      0.00      0.00         1
        R809       0.00      0.00      0.00         1
        R810       0.00      0.00      0.00         0
      R82818       0.00      0.00      0.00         0
       R8290       0.00      0.00      0.00         1
       R8299       0.00      0.00      0.00         1
      R82998       0.00      0.00      0.00         1
      R87610       0.00      0.00      0.00         1
      R87612       0.00      0.00      0.00         1
      R87619       0.00      0.00      0.00         1
        R878       0.00      0.00      0.00         0
       R8781       0.00      0.00      0.00         0
      R87810       0.00      0.00      0.00         1
      R87818       0.00      0.00      0.00         0
       R8789       0.00      0.00      0.00         0
        R899       0.00      0.00      0.00         1
        R911       1.00      1.00      1.00         1
        R918       0.00      0.00      0.00         1
        R920       0.00      0.00      0.00         1
       R9201       0.00      0.00      0.00         0
        R921       0.00      0.00      0.00         1
        R922       0.00      0.00      0.00         1
        R928       0.00      0.00      0.00         1
        R930       0.00      0.00      0.00         0
        R933       0.00      0.00      0.00         1
        R935       0.00      0.00      0.00         1
        R938       0.00      0.00      0.00         1
       R9389       0.00      0.00      0.00         1
       R9431       0.00      0.00      0.00         1
       R9439       0.00      0.00      0.00         1
        R944       0.00      0.00      0.00         1
        R945       0.00      0.00      0.00         1
        R946       0.00      0.00      0.00         1
       R9701       0.00      0.00      0.00         0
        R972       0.00      0.00      0.00         1
       R9720       0.00      0.00      0.00         1
     S0001XA       0.00      0.00      0.00         0
     S0003XA       0.00      0.00      0.00         1
     S0011XA       0.00      0.00      0.00         0
     S0081XA       0.00      0.00      0.00         1
     S0083XA       0.00      0.00      0.00         1
     S0101XA       0.00      0.00      0.00         1
     S01111A       0.33      1.00      0.50         1
     S01112A       0.00      0.00      0.00         1
     S0111XA       0.00      0.00      0.00         0
     S01511A       0.00      0.00      0.00         1
     S0181XA       0.00      0.00      0.00         1
     S022X2A       0.00      0.00      0.00         0
     S022XXA       0.00      0.00      0.00         1
     S05011A       0.00      0.00      0.00         0
     S0501XA       0.00      0.00      0.00         1
     S0502XA       0.00      0.00      0.00         1
     S060X0A       0.00      0.00      0.00         1
     S060XXA       0.00      0.00      0.00         0
     S06818A       0.00      0.00      0.00         0
     S098XXA       0.00      0.00      0.00         1
     S0990XA       0.00      0.00      0.00         1
     S133XXA       0.00      0.00      0.00         0
     S13412A       0.00      0.00      0.00         0
     S134XXA       0.00      0.00      0.00         1
     S134XXD       0.00      0.00      0.00         1
     S161XXA       0.00      0.00      0.00         1
     S161XXD       0.00      0.00      0.00         1
     S1992XA       0.00      0.00      0.00         0
     S199XXA       0.00      0.00      0.00         1
     S2011XA       0.00      0.00      0.00         0
     S20211A       0.00      0.00      0.00         1
     S20212A       0.00      0.00      0.00         1
     S20219A       0.00      0.00      0.00         1
     S2211XA       0.00      0.00      0.00         0
     S2231XA       0.00      0.00      0.00         1
     S2232XA       0.00      0.00      0.00         1
     S2241XA       0.00      0.00      0.00         1
     S2242XA       0.00      0.00      0.00         1
     S2282XA       0.00      0.00      0.00         0
     S233XXA       0.00      0.00      0.00         1
     S236XXA       0.00      0.00      0.00         0
     S270XXA       0.00      0.00      0.00         1
     S2881XA       0.00      0.00      0.00         0
      S29011       0.00      0.00      0.00         0
     S29012A       0.00      0.00      0.00         1
     S291XXA       0.00      0.00      0.00         0
     S2989XA       0.00      0.00      0.00         0
     S299XXA       0.00      0.00      0.00         1
     S30012A       0.00      0.00      0.00         0
     S3001XA       0.00      0.00      0.00         0
     S300XXA       0.00      0.00      0.00         1
     S301XXA       0.00      0.00      0.00         1
     S334XXA       0.00      0.00      0.00         0
     S335XXA       1.00      1.00      1.00         1
     S335XXD       0.00      0.00      0.00         1
     S336XXA       0.00      0.00      0.00         1
     S338XXA       0.00      0.00      0.00         1
     S339XXA       0.00      0.00      0.00         0
     S39012A       1.00      1.00      1.00         1
     S39012D       0.00      0.00      0.00         1
     S4001XA       0.00      0.00      0.00         0
     S42242A       0.00      0.00      0.00         0
     S431XXA       0.00      0.00      0.00         0
     S43431A       0.00      0.00      0.00         1
     S46011A       0.00      0.00      0.00         1
     S46011D       0.00      0.00      0.00         1
     S46012A       0.33      1.00      0.50         1
     S4611XA       0.00      0.00      0.00         0
     S52501A       0.00      0.00      0.00         1
     S52501D       0.00      0.00      0.00         1
     S52502A       0.00      0.00      0.00         1
     S52502D       0.00      0.00      0.00         1
     S52511A       0.00      0.00      0.00         0
     S52512A       0.00      0.00      0.00         0
     S5251XA       0.00      0.00      0.00         0
     S52571A       0.00      0.00      0.00         1
     S52572A       0.00      0.00      0.00         1
     S52811A       0.00      0.00      0.00         0
     S52818D       0.00      0.00      0.00         0
     S6092XA       0.00      0.00      0.00         0
     S61001A       0.00      0.00      0.00         0
     S61012A       0.00      0.00      0.00         1
     S61112A       0.00      0.00      0.00         0
     S61119A       0.00      0.00      0.00         0
     S61211A       0.00      0.00      0.00         1
     S61411A       0.00      0.00      0.00         1
     S61412A       0.00      0.00      0.00         1
     S63501A       0.00      0.00      0.00         1
     S63502A       0.00      0.00      0.00         1
     S6991XA       0.00      0.00      0.00         1
     S6992XA       0.00      0.00      0.00         1
     S72001A       1.00      1.00      1.00         1
     S72001D       0.00      0.00      0.00         1
     S72002A       0.00      0.00      0.00         1
     S72002D       0.00      0.00      0.00         1
     S72012D       0.00      0.00      0.00         0
     S72112A       0.00      0.00      0.00         0
     S72141A       0.00      0.00      0.00         1
     S72142A       0.00      0.00      0.00         1
     S8001XA       0.33      1.00      0.50         1
     S8002XA       0.00      0.00      0.00         1
     S81811A       1.00      1.00      1.00         1
     S81812A       1.00      1.00      1.00         1
     S82841A       0.00      0.00      0.00         1
     S82851A       0.00      0.00      0.00         1
     S83212A       0.00      0.00      0.00         0
     S83222D       0.00      0.00      0.00         0
     S83231A       0.00      0.00      0.00         1
     S83232A       0.00      0.00      0.00         1
     S83241A       0.00      0.00      0.00         1
     S83242A       0.00      0.00      0.00         1
     S83242D       0.00      0.00      0.00         1
     S83281A       0.00      0.00      0.00         1
     S83401A       0.00      0.00      0.00         0
     S83511A       0.00      0.00      0.00         1
     S83511D       0.00      0.00      0.00         1
     S83512A       0.33      1.00      0.50         1
     S83512D       1.00      1.00      1.00         1
     S83811A       0.00      0.00      0.00         0
     S8391XA       0.00      0.00      0.00         1
     S8392XA       0.00      0.00      0.00         1
     S8981XA       0.00      0.00      0.00         0
     S8990XA       0.00      0.00      0.00         0
     S8991XA       0.00      0.00      0.00         1
     S8992XA       0.00      0.00      0.00         1
     S93401A       0.00      0.00      0.00         1
     S93401D       0.00      0.00      0.00         1
     S93402A       0.00      0.00      0.00         1
     S93501A       0.00      0.00      0.00         0
     S93511A       0.00      0.00      0.00         0
     S93911A       0.00      0.00      0.00         0
     S99828A       0.00      0.00      0.00         0
     S99911A       0.00      0.00      0.00         1
     S99921A       0.00      0.00      0.00         1
     S99922A       0.00      0.00      0.00         1
        T148       0.00      0.00      0.00         1
     T148XXA       0.00      0.00      0.00         1
       T1490       0.00      0.00      0.00         1
     T18128A       0.00      0.00      0.00         1
     T380X5A       0.00      0.00      0.00         1
     T451X5A       0.00      0.00      0.00         1
      T68818       0.00      0.00      0.00         0
     T68818A       0.00      0.00      0.00         0
     T781XXA       0.00      0.00      0.00         1
     T783XXA       0.00      0.00      0.00         1
     T7840XA       0.00      0.00      0.00         1
      T78818       0.00      0.00      0.00         0
     T8131XA       0.00      0.00      0.00         1
     T814XXA       0.00      0.00      0.00         1
     T8189XA       0.00      0.00      0.00         1
     T827XXA       0.00      0.00      0.00         1
     T82818A       0.00      0.00      0.00         0
     T82846A       0.00      0.00      0.00         0
     T82855A       0.00      0.00      0.00         1
     T82858A       0.00      0.00      0.00         1
     T82868A       0.00      0.00      0.00         1
     T82898A       0.00      0.00      0.00         1
     T83511A       0.00      0.00      0.00         1
     T8484XA       0.00      0.00      0.00         1
     T848XXA       0.00      0.00      0.00         0
        U071       0.00      0.00      0.00         1
       Z0000       0.00      0.00      0.00         1
       Z0001       0.00      0.00      0.00         1
      Z00018       0.00      0.00      0.00         0
       Z0002       0.00      0.00      0.00         0
      Z00110       0.00      0.00      0.00         1
      Z00111       0.00      0.00      0.00         1
       Z0012       0.00      0.00      0.00         1
      Z00121       0.00      0.00      0.00         1
      Z00129       0.00      0.00      0.00         1
        Z006       0.00      0.00      0.00         1
        Z008       0.00      0.00      0.00         1
      Z00818       0.00      0.00      0.00         0
         Z01       0.00      0.00      0.00         0
        Z010       0.00      0.00      0.00         0
       Z0100       0.00      0.00      0.00         1
       Z0101       0.00      0.00      0.00         1
       Z0110       0.00      0.00      0.00         1
      Z01110       0.00      0.00      0.00         0
       Z0112       0.00      0.00      0.00         0
       Z0120       0.00      0.00      0.00         1
      Z01411       0.00      0.00      0.00         1
      Z01419       0.00      0.00      0.00         1
       Z0181       0.00      0.00      0.00         1
      Z01810       0.00      0.00      0.00         1
      Z01811       0.00      0.00      0.00         1
      Z01812       0.00      0.00      0.00         1
      Z01818       0.07      1.00      0.12         1
       Z0184       0.00      0.00      0.00         1
       Z0189       0.00      0.00      0.00         1
       Z0289       0.00      0.00      0.00         1
        Z029       0.00      0.00      0.00         1
      Z03818       0.00      0.00      0.00         1
       Z0389       0.00      0.00      0.00         1
        Z043       0.00      0.00      0.00         1
      Z04818       0.00      0.00      0.00         0
         Z08       0.00      0.00      0.00         1
         Z09       0.00      0.00      0.00         1
       Z1010       0.00      0.00      0.00         0
       Z1101       0.00      0.00      0.00         0
        Z111       0.00      0.00      0.00         1
        Z113       0.00      0.00      0.00         1
        Z114       0.00      0.00      0.00         1
        Z115       0.00      0.00      0.00         1
       Z1151       0.00      0.00      0.00         1
       Z1152       0.00      0.00      0.00         1
       Z1159       0.00      0.00      0.00         1
        Z118       0.00      0.00      0.00         1
       Z1181       0.00      0.00      0.00         0
         Z12       0.00      0.00      0.00         0
        Z120       0.00      0.00      0.00         0
       Z1201       0.00      0.00      0.00         0
       Z1211       0.00      0.00      0.00         1
       Z1212       0.00      0.00      0.00         0
       Z1231       0.00      0.00      0.00         1
       Z1239       0.00      0.00      0.00         1
        Z124       0.00      0.00      0.00         1
        Z125       0.00      0.00      0.00         1
       Z1281       0.00      0.00      0.00         0
      Z12818       0.00      0.00      0.00         0
       Z1283       0.00      0.00      0.00         1
        Z130       0.00      0.00      0.00         1
        Z131       0.00      0.00      0.00         1
       Z1321       0.00      0.00      0.00         1
      Z13220       0.00      0.00      0.00         1
      Z13228       0.00      0.00      0.00         1
       Z1329       0.00      0.00      0.00         1
        Z136       0.00      0.00      0.00         1
        Z138       0.00      0.00      0.00         0
      Z13818       0.00      0.00      0.00         0
      Z13820       0.00      0.00      0.00         1
       Z1388       0.00      0.00      0.00         1
       Z1389       0.00      0.00      0.00         1
        Z139       0.00      0.00      0.00         1
       Z1501       0.00      0.00      0.00         1
        Z170       0.00      0.00      0.00         1
        Z171       0.00      0.00      0.00         1
        Z200       0.00      0.00      0.00         0
        Z201       0.00      0.00      0.00         0
        Z202       0.00      0.00      0.00         1
        Z206       0.00      0.00      0.00         1
       Z2081       0.00      0.00      0.00         0
      Z20818       0.00      0.00      0.00         0
       Z2082       0.00      0.00      0.00         1
      Z20822       0.00      0.00      0.00         1
      Z20828       0.00      0.00      0.00         1
         Z21       0.00      0.00      0.00         1
         Z23       0.00      0.00      0.00         1
       Z3001       0.00      0.00      0.00         0
      Z30011       0.00      0.00      0.00         1
       Z3009       0.00      0.00      0.00         1
        Z302       0.00      0.00      0.00         1
        Z304       0.00      0.00      0.00         0
       Z3040       0.00      0.00      0.00         1
       Z3041       0.00      0.00      0.00         1
      Z30410       0.00      0.00      0.00         0
      Z30418       0.00      0.00      0.00         0
       Z3042       0.00      0.00      0.00         1
       Z3043       0.00      0.00      0.00         0
      Z30430       0.00      0.00      0.00         1
      Z30431       0.00      0.00      0.00         1
      Z30432       0.00      0.00      0.00         1
      Z30433       0.00      0.00      0.00         1
       Z3049       0.00      0.00      0.00         1
        Z309       0.00      0.00      0.00         1
        Z314       0.00      0.00      0.00         0
       Z3141       0.00      0.00      0.00         1
      Z31430       0.00      0.00      0.00         1
       Z3169       0.00      0.00      0.00         1
       Z3180       0.00      0.00      0.00         0
       Z3181       0.00      0.00      0.00         0
       Z3183       0.00      0.00      0.00         1
       Z3189       0.00      0.00      0.00         0
        Z319       0.00      0.00      0.00         0
       Z3200       0.00      0.00      0.00         1
       Z3201       0.00      0.00      0.00         1
       Z3202       0.00      0.00      0.00         1
       Z3203       0.00      0.00      0.00         0
        Z330       0.00      0.00      0.00         0
        Z331       0.00      0.00      0.00         1
        Z332       0.00      0.00      0.00         1
       Z3400       0.00      0.00      0.00         1
       Z3401       0.00      0.00      0.00         1
       Z3402       0.00      0.00      0.00         1
       Z3403       0.00      0.00      0.00         1
       Z3480       0.00      0.00      0.00         1
       Z3481       0.00      0.00      0.00         1
       Z3482       0.00      0.00      0.00         1
       Z3483       0.00      0.00      0.00         1
       Z3490       0.00      0.00      0.00         1
       Z3491       0.00      0.00      0.00         1
       Z3492       0.00      0.00      0.00         1
       Z3493       0.00      0.00      0.00         1
         Z36       0.00      0.00      0.00         1
       Z3689       0.00      0.00      0.00         1
        Z369       0.00      0.00      0.00         1
        Z370       0.00      0.00      0.00         1
       Z3800       0.00      0.00      0.00         1
       Z3801       0.00      0.00      0.00         1
       Z3821       0.00      0.00      0.00         0
       Z3831       0.00      0.00      0.00         1
       Z3881       0.00      0.00      0.00         0
       Z3883       0.00      0.00      0.00         0
        Z391       0.00      0.00      0.00         1
        Z392       0.00      0.00      0.00         1
       Z3981       0.00      0.00      0.00         0
        Z3A0       0.00      0.00      0.00         0
       Z3A00       1.00      1.00      1.00         1
       Z3A01       0.00      0.00      0.00         1
        Z3A3       0.00      0.00      0.00         0
       Z3A30       0.00      0.00      0.00         0
       Z3A35       0.00      0.00      0.00         1
       Z3A36       0.00      0.00      0.00         1
       Z3A37       0.00      0.00      0.00         1
       Z3A38       0.00      0.00      0.00         1
       Z3A39       0.00      0.00      0.00         1
       Z3A40       0.00      0.00      0.00         1
       Z3A41       0.00      0.00      0.00         1
       Z3A42       0.00      0.00      0.00         0
        Z410       0.00      0.00      0.00         0
        Z412       0.00      0.00      0.00         1
        Z418       0.00      0.00      0.00         1
        Z421       0.00      0.00      0.00         1
        Z431       0.00      0.00      0.00         1
       Z4311       0.00      0.00      0.00         0
      Z43110       0.00      0.00      0.00         0
        Z433       0.00      0.00      0.00         1
      Z43818       0.00      0.00      0.00         0
       Z4501       0.00      0.00      0.00         0
      Z45010       0.00      0.00      0.00         1
      Z45018       0.00      0.00      0.00         1
       Z4502       0.00      0.00      0.00         1
        Z451       0.00      0.00      0.00         0
        Z452       0.00      0.00      0.00         1
      Z45818       0.00      0.00      0.00         0
        Z466       0.00      0.00      0.00         1
       Z4682       0.00      0.00      0.00         1
        Z471       0.00      0.00      0.00         1
        Z478       0.00      0.00      0.00         0
       Z4781       0.00      0.00      0.00         1
      Z47818       0.00      0.00      0.00         0
       Z4789       0.00      0.00      0.00         1
       Z4800       0.00      0.00      0.00         1
       Z4802       0.00      0.00      0.00         1
       Z4822       0.00      0.00      0.00         1
        Z483       0.00      0.00      0.00         1
        Z488       0.00      0.00      0.00         0
       Z4881       0.00      0.00      0.00         0
      Z48812       0.00      0.00      0.00         1
      Z48815       0.00      0.00      0.00         1
      Z48818       0.00      0.00      0.00         0
       Z4889       0.00      0.00      0.00         1
        Z510       0.00      0.00      0.00         1
       Z5111       0.00      0.00      0.00         1
       Z5112       0.00      0.00      0.00         1
        Z515       0.00      0.00      0.00         1
       Z5181       0.00      0.00      0.00         1
       Z5189       0.00      0.00      0.00         1
         Z66       0.00      0.00      0.00         1
       Z6683       0.00      0.00      0.00         0
      Z66838       0.00      0.00      0.00         0
        Z681       0.00      0.00      0.00         1
       Z6830       0.00      0.00      0.00         1
       Z6831       0.00      0.00      0.00         1
       Z6832       0.00      0.00      0.00         1
       Z6833       0.00      0.00      0.00         1
       Z6834       0.00      0.00      0.00         1
       Z6835       0.00      0.00      0.00         1
       Z6836       0.00      0.00      0.00         1
       Z6837       0.00      0.00      0.00         1
       Z6838       0.00      0.00      0.00         1
       Z6839       0.00      0.00      0.00         1
       Z6840       0.00      0.00      0.00         0
       Z6841       0.00      0.00      0.00         1
       Z6842       0.00      0.00      0.00         1
       Z6843       0.00      0.00      0.00         1
       Z6844       0.00      0.00      0.00         1
       Z6854       0.00      0.00      0.00         1
        Z713       0.00      0.00      0.00         1
        Z718       0.00      0.00      0.00         1
       Z7181       0.00      0.00      0.00         0
       Z7189       0.00      0.00      0.00         1
        Z720       0.00      0.00      0.00         1
       Z7289       0.00      0.00      0.00         1
        Z740       0.00      0.00      0.00         0
       Z7409       0.00      0.00      0.00         1
        Z741       0.00      0.00      0.00         1
       Z7481       0.00      0.00      0.00         0
        Z760       0.00      0.00      0.00         1
       Z7689       0.00      0.00      0.00         1
        Z780       0.00      0.00      0.00         1
        Z784       0.00      0.00      0.00         0
        Z789       0.00      0.00      0.00         1
        Z790       0.00      0.00      0.00         0
       Z7901       0.00      0.00      0.00         1
       Z7902       0.00      0.00      0.00         1
       Z7909       0.00      0.00      0.00         0
        Z791       0.00      0.00      0.00         1
        Z792       0.00      0.00      0.00         1
        Z794       0.00      0.00      0.00         1
       Z7951       0.00      0.00      0.00         1
       Z7952       0.00      0.00      0.00         1
        Z798       0.00      0.00      0.00         1
       Z7981       0.00      0.00      0.00         0
      Z79818       0.00      0.00      0.00         0
       Z7982       0.00      0.00      0.00         1
       Z7984       0.00      0.00      0.00         1
       Z7989       0.00      0.00      0.00         1
      Z79890       0.00      0.00      0.00         1
      Z79891       0.00      0.00      0.00         1
      Z79899       0.00      0.00      0.00         1
        Z800       0.00      0.00      0.00         1
        Z803       0.00      0.00      0.00         1
        Z808       0.00      0.00      0.00         1
       Z8088       0.00      0.00      0.00         0
        Z823       0.00      0.00      0.00         1
       Z8249       0.00      0.00      0.00         1
        Z833       0.00      0.00      0.00         1
        Z838       0.00      0.00      0.00         0
      Z85038       0.00      0.00      0.00         1
      Z85118       0.00      0.00      0.00         1
        Z853       0.00      0.00      0.00         1
       Z8546       0.00      0.00      0.00         1
       Z8551       0.00      0.00      0.00         1
      Z85528       0.00      0.00      0.00         1
       Z8581       0.00      0.00      0.00         0
      Z85818       0.00      0.00      0.00         0
      Z85820       0.00      0.00      0.00         1
      Z85828       0.00      0.00      0.00         1
      Z85838       0.00      0.00      0.00         0
      Z85850       0.00      0.00      0.00         1
      Z86010       0.00      0.00      0.00         1
        Z861       0.00      0.00      0.00         0
       Z8614       0.00      0.00      0.00         1
       Z8616       0.00      0.00      0.00         1
       Z8619       0.00      0.00      0.00         1
        Z862       0.00      0.00      0.00         1
       Z8639       0.00      0.00      0.00         1
       Z8669       0.00      0.00      0.00         1
      Z86711       0.00      0.00      0.00         1
      Z86718       0.00      0.00      0.00         1
       Z8673       0.00      0.00      0.00         1
       Z8679       0.00      0.00      0.00         1
        Z868       0.00      0.00      0.00         0
      Z86818       0.00      0.00      0.00         0
       Z8701       0.00      0.00      0.00         1
       Z8711       0.00      0.00      0.00         1
       Z8719       0.00      0.00      0.00         1
      Z87440       0.00      0.00      0.00         1
      Z87442       0.00      0.00      0.00         1
        Z878       0.00      0.00      0.00         0
       Z8781       0.00      0.00      0.00         0
      Z87818       0.00      0.00      0.00         0
       Z8789       0.00      0.00      0.00         1
      Z87891       0.00      0.00      0.00         1
      Z87898       0.00      0.00      0.00         1
        Z880       0.00      0.00      0.00         1
       Z8801       0.00      0.00      0.00         0
      Z88018       0.00      0.00      0.00         0
        Z881       0.00      0.00      0.00         1
        Z882       0.00      0.00      0.00         1
        Z885       0.00      0.00      0.00         1
        Z886       0.00      0.00      0.00         1
        Z888       0.00      0.00      0.00         1
        Z900       0.00      0.00      0.00         0
       Z9013       0.00      0.00      0.00         1
       Z9049       0.00      0.00      0.00         1
        Z905       0.00      0.00      0.00         1
      Z90710       0.00      0.00      0.00         1
       Z9079       0.00      0.00      0.00         1
        Z910       0.00      0.00      0.00         0
      Z91013       0.00      0.00      0.00         1
      Z91018       0.33      1.00      0.50         1
      Z91040       0.00      0.00      0.00         1
      Z91041       0.00      0.00      0.00         1
      Z91121       0.00      0.00      0.00         0
       Z9114       0.00      0.00      0.00         1
       Z9119       0.00      0.00      0.00         1
        Z918       0.00      0.00      0.00         0
       Z9181       0.00      0.00      0.00         1
       Z9189       0.00      0.00      0.00         1
        Z920       0.00      0.00      0.00         0
       Z9221       0.00      0.00      0.00         1
        Z923       0.00      0.00      0.00         1
        Z930       0.00      0.00      0.00         1
        Z931       0.00      0.00      0.00         1
        Z932       0.00      0.00      0.00         1
        Z933       0.00      0.00      0.00         1
        Z936       0.00      0.00      0.00         1
        Z938       0.00      0.00      0.00         0
      Z93818       0.00      0.00      0.00         0
        Z940       0.00      0.00      0.00         1
        Z941       0.00      0.00      0.00         1
        Z942       0.00      0.00      0.00         1
        Z944       0.00      0.00      0.00         1
       Z9481       0.00      0.00      0.00         1
      Z94818       0.00      0.00      0.00         0
       Z9484       0.00      0.00      0.00         1
        Z950       0.00      0.00      0.00         1
        Z951       0.00      0.00      0.00         1
        Z952       0.00      0.00      0.00         1
        Z955       0.00      0.00      0.00         1
       Z9581       0.00      0.00      0.00         1
      Z95810       0.00      0.00      0.00         1
      Z95818       0.20      1.00      0.33         1
        Z961       0.00      0.00      0.00         1
        Z966       0.00      0.00      0.00         0
       Z9661       0.00      0.00      0.00         0
      Z96611       0.00      0.00      0.00         1
      Z96612       0.00      0.00      0.00         1
      Z96618       0.00      0.00      0.00         0
      Z96641       0.00      0.00      0.00         1
      Z96642       0.00      0.00      0.00         1
      Z96651       0.00      0.00      0.00         1
      Z96652       0.00      0.00      0.00         1
      Z96653       0.00      0.00      0.00         1
      Z96659       0.00      0.00      0.00         1
       Z9669       0.00      0.00      0.00         0
        Z973       0.00      0.00      0.00         0
        Z975       0.00      0.00      0.00         1
       Z9801       0.00      0.00      0.00         0
        Z981       0.00      0.00      0.00         1
       Z9851       0.00      0.00      0.00         1
       Z9861       0.00      0.00      0.00         1
        Z988       0.00      0.00      0.00         0
      Z98818       0.00      0.00      0.00         0
       Z9884       0.00      0.00      0.00         1
       Z9889       0.00      0.00      0.00         1
      Z98890       0.00      0.00      0.00         1
        Z989       0.00      0.00      0.00         0
       Z9911       0.00      0.00      0.00         1
        Z992       0.00      0.00      0.00         1
       Z9981       0.00      0.00      0.00         1

    accuracy                           0.12      2034
   macro avg       0.06      0.09      0.07      2034
weighted avg       0.09      0.12      0.09      2034

--- Confusion Matrix (top 30 most frequent codes) ---
             A047    A0472     A084      A09    A4101    A4102    A4151    A4159    A4189     A419     A630      A64    A6920     B009     B029     B070     B078     B079     B081     B084     B181     B182    B1910    B1920      B20    B2790     B349     B351     B353     B354
    A047        1        0        0        0        0        0        0        0        0        0        0        0        0        0        0        0        0        0        0        0        0        0        0        0        0        0        0        0        0        0
   A0472        0        0        0        0        0        0        0        0        0        0        0        0        0        0        0        0        0        0        0        0        0        0        0        0        0        0        0        0        0        0
    A084        0        0        0        0        0        0        0        0        0        0        0        0        0        0        0        0        0        0        0        0        0        0        0        0        0        0        0        0        0        0
     A09        0        0        0        0        0        0        0        0        0        0        0        0        0        0        0        0        0        0        0        0        0        0        0        0        0        0        0        0        0        0
   A4101        0        0        0        0        1        0        0        0        0        0        0        0        0        0        0        0        0        0        0        0        0        0        0        0        0        0        0        0        0        0
   A4102        0        0        0        0        0        0        0        0        0        0        0        0        0        0        0        0        0        0        0        0        0        0        0        0        0        0        0        0        0        0
   A4151        0        0        0        0        0        0        0        0        0        0        0        0        0        0        0        0        0        0        0        0        0        0        0        0        0        0        0        0        0        0
   A4159        0        0        0        0        0        0        0        0        0        0        0        0        0        0        0        0        0        0        0        0        0        0        0        0        0        0        0        0        0        0
   A4189        0        0        0        0        0        0        0        0        0        0        0        0        0        0        0        0        0        0        0        0        0        0        0        0        0        0        0        0        0        0
    A419        0        0        0        0        0        0        0        0        0        0        0        0        0        0        0        0        0        0        0        0        0        0        0        0        0        0        0        0        0        0
    A630        0        0        0        0        0        0        0        0        0        0        0        0        0        0        0        0        0        0        0        0        0        0        0        0        0        0        0        0        0        0
     A64        0        0        0        0        0        0        0        0        0        0        0        0        0        0        0        0        0        0        0        0        0        0        0        0        0        0        0        0        0        0
   A6920        0        0        0        0        0        0        0        0        0        0        0        0        0        0        0        0        0        0        0        0        0        0        0        0        0        0        0        0        0        0
    B009        0        0        0        0        0        0        0        0        0        0        0        0        0        1        0        0        0        0        0        0        0        0        0        0        0        0        0        0        0        0
    B029        0        0        0        0        0        0        0        0        0        0        0        0        0        0        0        0        0        0        0        0        0        0        0        0        0        0        0        0        0        0
    B070        0        0        0        0        0        0        0        0        0        0        0        0        0        0        0        0        0        0        0        0        0        0        0        0        0        0        0        0        0        0
    B078        0        0        0        0        0        0        0        0        0        0        0        0        0        0        0        0        0        0        0        0        0        0        0        0        0        0        0        0        0        0
    B079        0        0        0        0        0        0        0        0        0        0        0        0        0        0        0        0        0        0        0        0        0        0        0        0        0        0        0        0        0        0
    B081        0        0        0        0        0        0        0        0        0        0        0        0        0        0        0        0        0        0        0        0        0        0        0        0        0        0        0        0        0        0
    B084        0        0        0        0        0        0        0        0        0        0        0        0        0        0        0        0        0        0        0        0        0        0        0        0        0        0        0        0        0        0
    B181        0        0        0        0        0        0        0        0        0        0        0        0        0        0        0        0        0        0        0        0        1        0        0        0        0        0        0        0        0        0
    B182        0        0        0        0        0        0        0        0        0        0        0        0        0        0        0        0        0        0        0        0        1        0        0        0        0        0        0        0        0        0
   B1910        0        0        0        0        0        0        0        0        0        0        0        0        0        0        0        0        0        0        0        0        1        0        0        0        0        0        0        0        0        0
   B1920        0        0        0        0        0        0        0        0        0        0        0        0        0        0        0        0        0        0        0        0        0        0        0        0        0        0        0        0        0        0
     B20        0        0        0        0        0        0        0        0        0        0        0        0        0        0        0        0        0        0        0        0        0        0        0        0        1        0        0        0        0        0
   B2790        0        0        0        0        0        0        0        0        0        0        0        0        0        0        0        0        0        0        0        0        0        0        0        0        0        0        0        0        0        0
    B349        0        0        0        0        0        0        0        0        0        0        0        0        0        0        0        0        0        0        0        0        0        0        0        0        0        0        0        0        0        0
    B351        0        0        0        0        0        0        0        0        0        0        0        0        0        0        0        0        0        0        0        0        0        0        0        0        0        0        0        1        0        0
    B353        0        0        0        0        0        0        0        0        0        0        0        0        0        0        0        0        0        0        0        0        0        0        0        0        0        0        0        0        0        0
    B354        0        0        0        0        0        0        0        0        0        0        0        0        0        0        0        0        0        0        0        0        0        0        0        0        0        0        0        1        0        0

--- Block-level (3-char) Classification Metrics ---
  [   micro]  Precision=0.5821  Recall=0.5821  F1=0.5821
  [   macro]  Precision=0.4615  Recall=0.4675  F1=0.4405
  [weighted]  Precision=0.5921  Recall=0.5821  F1=0.5606
  Block accuracy:           0.5821
  Block Cohen's Kappa:      0.5808
  Block MCC:                0.5811

--- Chapter-level (1-char) Classification Metrics ---
  [   micro]  Precision=0.8038  Recall=0.8038  F1=0.8038
  [   macro]  Precision=0.7979  Recall=0.7539  F1=0.7692
  [weighted]  Precision=0.8046  Recall=0.8038  F1=0.8019
  Chapter accuracy:         0.8038
  Chapter Cohen's Kappa:    0.7880

--- Error Analysis ---
Total mismatches:           1791
Most common (true -> pred) mismatches:
  A0472 -> A0420  (1x)
  A084 -> A089  (1x)
  A09 -> B978  (1x)
  A4102 -> R7881  (1x)
  A4151 -> A418  (1x)
  A4159 -> R651  (1x)
  A4189 -> A412  (1x)
  A419 -> R6581  (1x)
  A630 -> B07  (1x)
  A64 -> A649  (1x)
  A6920 -> A699  (1x)
  B029 -> B020  (1x)
  B070 -> B076  (1x)
  B078 -> B073  (1x)
  B079 -> B076  (1x)
  B081 -> B080  (1x)
  B084 -> B320  (1x)
  B182 -> B181  (1x)
  B1910 -> B181  (1x)
  B1920 -> B1810  (1x)
